SampleID,FieldID,Date collected,Lat,Long,SamplingMethod,Month,Sector
KBIMP_002_F10,CBAY0028,24-Jul-24,69.132231,-104.988717,Sweep net,Jul,CBAY
KBIMP_002_F11,CBAY0028,24-Jul-24,69.132231,-104.988717,Sweep net,Jul,CBAY
KBIMP_004_G3,CBAY0040,28-Jul-24,69.120943,-105.042616,Sweep net,Jul,CBAY
KBIMP_004_G4,CBAY0040,28-Jul-24,69.120943,-105.042616,Sweep net,Jul,CBAY
KBIMP_004_G5,CBAY0040,28-Jul-24,69.120943,-105.042616,Sweep net,Jul,CBAY
KBIMP_004_G6,CBAY0040,28-Jul-24,69.120943,-105.042616,Sweep net,Jul,CBAY
KBIMP_004_G7,CBAY0040,28-Jul-24,69.120943,-105.042616,Sweep net,Jul,CBAY
KBIMP_004_G8,CBAY0040,28-Jul-24,69.120943,-105.042616,Sweep net,Jul,CBAY
KBIMP_004_G9,CBAY0040,28-Jul-24,69.120943,-105.042616,Sweep net,Jul,CBAY
KBIMP_004_G10,CBAY0040,28-Jul-24,69.120943,-105.042616,Sweep net,Jul,CBAY
KBIMP_004_G11,CBAY0040,28-Jul-24,69.120943,-105.042616,Sweep net,Jul,CBAY
KBIMP-_006_G7,CBAY0040,28-Jul-24,69.120943,-105.042616,Sweep net,Jul,CBAY
KBIMP_004_H1,CBAY0040,28-Jul-24,69.120943,-105.042616,Sweep net,Jul,CBAY
KBIMP_004_H2,CBAY0040,28-Jul-24,69.120943,-105.042616,Sweep net,Jul,CBAY
KBIMP_004_H3,CBAY0040,28-Jul-24,69.120943,-105.042616,Sweep net,Jul,CBAY
KBIMP_004_H4,CBAY0040,28-Jul-24,69.120943,-105.042616,Sweep net,Jul,CBAY
KBIMP_004_H5,CBAY0040,28-Jul-24,69.120943,-105.042616,Sweep net,Jul,CBAY
KBIMP_004_H6,CBAY0040,28-Jul-24,69.120943,-105.042616,Sweep net,Jul,CBAY
KBIMP_004_H7,CBAY0040,28-Jul-24,69.120943,-105.042616,Sweep net,Jul,CBAY
KBIMP_004_H8,CBAY0040,28-Jul-24,69.120943,-105.042616,Sweep net,Jul,CBAY
KBIMP_004_H9,CBAY0040,28-Jul-24,69.120943,-105.042616,Sweep net,Jul,CBAY
KBIMP-_006_G2,CBAY0040,28-Jul-24,69.120943,-105.042616,Sweep net,Jul,CBAY
KBIMP-_007_C4,KGLTK0020,24-Jul,67 48.2870,115 13.9394,SweepNet,Jul,KGLTK
KBIMP-_007_C5,KGLTK0020,24-Jul,67 48.2870,115 13.9394,SweepNet,Jul,KGLTK
KBIMP_002_D8,CBAY0022,25-Jul-24,69.132477,-104.988683,Sweep net,Jul,CBAY
KBIMP_002_D9,CBAY0022,25-Jul-24,69.132477,-104.988683,Sweep net,Jul,CBAY
KBIMP_002_D10,CBAY0022,25-Jul-24,69.132477,-104.988683,Sweep net,Jul,CBAY
KBIMP_002_D11,CBAY0022,25-Jul-24,69.132477,-104.988683,Sweep net,Jul,CBAY
KBIMP_002_D12,CBAY0022,25-Jul-24,69.132477,-104.988683,Sweep net,Jul,CBAY
KBIMP_002_E1,CBAY0022,25-Jul-24,69.132477,-104.988683,Sweep net,Jul,CBAY
KBIMP_002_E2,CBAY0022,25-Jul-24,69.132477,-104.988683,Sweep net,Jul,CBAY
KBIMP_002_E3,CBAY0022,25-Jul-24,69.132477,-104.988683,Sweep net,Jul,CBAY
KBIMP_002_E4,CBAY0022,25-Jul-24,69.132477,-104.988683,Sweep net,Jul,CBAY
KBIMP_002_E5,CBAY0022,25-Jul-24,69.132477,-104.988683,Sweep net,Jul,CBAY
KBIMP_002_E6,CBAY0036,25-Jul-24,69.132925,-105.461572,Sweep net,Jul,CBAY
KBIMP_002_E7,CBAY0036,25-Jul-24,69.132925,-105.461572,Sweep net,Jul,CBAY
KBIMP_002_E8,CBAY0036,25-Jul-24,69.132925,-105.461572,Sweep net,Jul,CBAY
KBIMP_002_E9,CBAY0036,25-Jul-24,69.132925,-105.461572,Sweep net,Jul,CBAY
KBIMP_002_E10,CBAY0036,25-Jul-24,69.132925,-105.461572,Sweep net,Jul,CBAY
KBIMP_002_E11,CBAY0036,25-Jul-24,69.132925,-105.461572,Sweep net,Jul,CBAY
KBIMP_002_E12,CBAY0036,25-Jul-24,69.132925,-105.461572,Sweep net,Jul,CBAY
KBIMP_002_F1,CBAY0036,25-Jul-24,69.132925,-105.461572,Sweep net,Jul,CBAY
KBIMP_002_F2,CBAY0036,25-Jul-24,69.132925,-105.461572,Sweep net,Jul,CBAY
KBIMP_002_F3,CBAY0036,25-Jul-24,69.132925,-105.461572,Sweep net,Jul,CBAY
KBIMP_002_F4,CBAY0036,25-Jul-24,69.132925,-105.461572,Sweep net,Jul,CBAY
KBIMP_002_F5,CBAY0036,25-Jul-24,69.132925,-105.461572,Sweep net,Jul,CBAY
KBIMP_002_F6,CBAY0036,25-Jul-24,69.132925,-105.461572,Sweep net,Jul,CBAY
KBIMP_002_F7,CBAY0036,25-Jul-24,69.132925,-105.461572,Sweep net,Jul,CBAY
KBIMP_002_F8,CBAY0036,25-Jul-24,69.132925,-105.461572,Sweep net,Jul,CBAY
KBIMP_002_F9,CBAY0036,25-Jul-24,69.132925,-105.461572,Sweep net,Jul,CBAY
KBIMP_003_D5,CBAY0036,25-Jul-24,69.132925,-105.461572,Sweep net,Jul,CBAY
KBIMP_003_D6,CBAY0036,25-Jul-24,69.132925,-105.461572,Sweep net,Jul,CBAY
KBIMP_003_D7,CBAY0036,25-Jul-24,69.132925,-105.461572,Sweep net,Jul,CBAY
KBIMP_003_D8,CBAY0036,25-Jul-24,69.132925,-105.461572,Sweep net,Jul,CBAY
KBIMP_003_D9,CBAY0036,25-Jul-24,69.132925,-105.461572,Sweep net,Jul,CBAY
KBIMP_003_D10,CBAY0036,25-Jul-24,69.132925,-105.461572,Sweep net,Jul,CBAY
KBIMP_003_D11,CBAY0036,25-Jul-24,69.132925,-105.461572,Sweep net,Jul,CBAY
KBIMP_003_D12,CBAY0036,25-Jul-24,69.132925,-105.461572,Sweep net,Jul,CBAY
KBIMP_003_E1,CBAY0036,25-Jul-24,69.132925,-105.461572,Sweep net,Jul,CBAY
KBIMP_003_E2,CBAY0036,25-Jul-24,69.132925,-105.461572,Sweep net,Jul,CBAY
KBIMP_003_E3,CBAY0036,25-Jul-24,69.132925,-105.461572,Sweep net,Jul,CBAY
KBIMP_003_E4,CBAY0036,25-Jul-24,69.132925,-105.461572,Sweep net,Jul,CBAY
KBIMP-_006_G5,CBAY0039,28-Jul-24,69.130466,-104.996363,Sweep net,Jul,CBAY
KBIMP_004_F1,CBAY0039,28-Jul-24,69.130466,-104.996363,Sweep net,Jul,CBAY
KBIMP_004_F2,CBAY0039,28-Jul-24,69.130466,-104.996363,Sweep net,Jul,CBAY
KBIMP_004_F3,CBAY0039,28-Jul-24,69.130466,-104.996363,Sweep net,Jul,CBAY
KBIMP_004_F4,CBAY0039,28-Jul-24,69.130466,-104.996363,Sweep net,Jul,CBAY
KBIMP_004_F5,CBAY0039,28-Jul-24,69.130466,-104.996363,Sweep net,Jul,CBAY
KBIMP_004_F6,CBAY0039,28-Jul-24,69.130466,-104.996363,Sweep net,Jul,CBAY
KBIMP_004_F7,CBAY0039,28-Jul-24,69.130466,-104.996363,Sweep net,Jul,CBAY
KBIMP_004_F8,CBAY0039,28-Jul-24,69.130466,-104.996363,Sweep net,Jul,CBAY
KBIMP_004_F9,CBAY0039,28-Jul-24,69.130466,-104.996363,Sweep net,Jul,CBAY
KBIMP_004_F10,CBAY0039,28-Jul-24,69.130466,-104.996363,Sweep net,Jul,CBAY
KBIMP_004_F11,CBAY0039,28-Jul-24,69.130466,-104.996363,Sweep net,Jul,CBAY
KBIMP-_006_G6,CBAY0039,28-Jul-24,69.130466,-104.996363,Sweep net,Jul,CBAY
KBIMP_004_G1,CBAY0039,28-Jul-24,69.130466,-104.996363,Sweep net,Jul,CBAY
KBIMP_004_G2,CBAY0039,28-Jul-24,69.130466,-104.996363,Sweep net,Jul,CBAY
KBIMP-_005_C1,CBAY0033,28-Jul-24,69.134216,-104.989923,Sweep net,Jul,CBAY
KBIMP-_005_C2,CBAY0033,28-Jul-24,69.134216,-104.989923,Sweep net,Jul,CBAY
KBIMP-_005_C3,CBAY0033,28-Jul-24,69.134216,-104.989923,Sweep net,Jul,CBAY
KBIMP-_005_C4,CBAY0033,28-Jul-24,69.134216,-104.989923,Sweep net,Jul,CBAY
KBIMP-_005_C5,CBAY0033,28-Jul-24,69.134216,-104.989923,Sweep net,Jul,CBAY
KBIMP-_005_C6,CBAY0033,28-Jul-24,69.134216,-104.989923,Sweep net,Jul,CBAY
KBIMP-_005_C7,CBAY0033,28-Jul-24,69.134216,-104.989923,Sweep net,Jul,CBAY
KBIMP-_005_C8,CBAY0033,28-Jul-24,69.134216,-104.989923,Sweep net,Jul,CBAY
KBIMP-_005_C9,CBAY0033,28-Jul-24,69.134216,-104.989923,Sweep net,Jul,CBAY
KBIMP-_005_C10,CBAY0033,28-Jul-24,69.134216,-104.989923,Sweep net,Jul,CBAY
KBIMP-_005_C11,CBAY0033,28-Jul-24,69.134216,-104.989923,Sweep net,Jul,CBAY
KBIMP-_006_D7,CBAY0032,28-Jul-24,69.11926,-105.127426,Sweep net,Jul,CBAY
KBIMP-_006_D8,CBAY0032,28-Jul-24,69.11926,-105.127426,Sweep net,Jul,CBAY
KBIMP-_006_D9,CBAY0032,28-Jul-24,69.11926,-105.127426,Sweep net,Jul,CBAY
KBIMP-_006_D10,CBAY0032,28-Jul-24,69.11926,-105.127426,Sweep net,Jul,CBAY
KBIMP-_006_D11,CBAY0032,28-Jul-24,69.11926,-105.127426,Sweep net,Jul,CBAY
KBIMP-_006_D12,CBAY0032,28-Jul-24,69.11926,-105.127426,Sweep net,Jul,CBAY
KBIMP-_006_E1,CBAY0032,28-Jul-24,69.11926,-105.127426,Sweep net,Jul,CBAY
KBIMP-_006_E2,CBAY0032,28-Jul-24,69.11926,-105.127426,Sweep net,Jul,CBAY
KBIMP-_006_E3,CBAY0032,28-Jul-24,69.11926,-105.127426,Sweep net,Jul,CBAY
KBIMP-_006_E4,CBAY0032,28-Jul-24,69.11926,-105.127426,Sweep net,Jul,CBAY
KBIMP-_006_E5,CBAY0032,28-Jul-24,69.11926,-105.127426,Sweep net,Jul,CBAY
KBIMP-_006_E6,CBAY0032,28-Jul-24,69.11926,-105.127426,Sweep net,Jul,CBAY
KBIMP-_006_E7,CBAY0032,28-Jul-24,69.11926,-105.127426,Sweep net,Jul,CBAY
KBIMP-_006_E8,CBAY0032,28-Jul-24,69.11926,-105.127426,Sweep net,Jul,CBAY
KBIMP-_006_E9,CBAY0032,28-Jul-24,69.11926,-105.127426,Sweep net,Jul,CBAY
KBIMP-_006_E10,CBAY0032,28-Jul-24,69.11926,-105.127426,Sweep net,Jul,CBAY
KBIMP-_006_E11,CBAY0032,28-Jul-24,69.11926,-105.127426,Sweep net,Jul,CBAY
KBIMP-_006_E12,CBAY0032,28-Jul-24,69.11926,-105.127426,Sweep net,Jul,CBAY
KBIMP-_006_F1,CBAY0032,28-Jul-24,69.11926,-105.127426,Sweep net,Jul,CBAY
KBIMP-_006_F2,CBAY0032,28-Jul-24,69.11926,-105.127426,Sweep net,Jul,CBAY
KBIMP-_005_E8,CBAY0048,21-Jul-24,69.20535,-104.77646,Malaise trap,Jul,CBAY
KBIMP-_005_E9,CBAY0048,21-Jul-24,69.20535,-104.77646,Malaise trap,Jul,CBAY
KBIMP-_005_E10,CBAY0048,21-Jul-24,69.20535,-104.77646,Malaise trap,Jul,CBAY
KBIMP-_005_E11,CBAY0048,21-Jul-24,69.20535,-104.77646,Malaise trap,Jul,CBAY
KBIMP-_005_E12,CBAY0048,21-Jul-24,69.20535,-104.77646,Malaise trap,Jul,CBAY
KBIMP-_005_F1,CBAY0048,21-Jul-24,69.20535,-104.77646,Malaise trap,Jul,CBAY
KBIMP-_005_F2,CBAY0048,21-Jul-24,69.20535,-104.77646,Malaise trap,Jul,CBAY
KBIMP-_005_F3,CBAY0048,21-Jul-24,69.20535,-104.77646,Malaise trap,Jul,CBAY
KBIMP-_005_F4,CBAY0048,21-Jul-24,69.20535,-104.77646,Malaise trap,Jul,CBAY
KBIMP-_005_F5,CBAY0048,21-Jul-24,69.20535,-104.77646,Malaise trap,Jul,CBAY
KBIMP-_005_F6,CBAY0048,21-Jul-24,69.20535,-104.77646,Malaise trap,Jul,CBAY
KBIMP-_006_A12,CBAY0043,21-Jul-24,69.12861,-104.98722,Malaise trap,Jul,CBAY
KBIMP-_006_B1,CBAY0043,21-Jul-24,69.12861,-104.98722,Malaise trap,Jul,CBAY
KBIMP-_006_B2,CBAY0043,21-Jul-24,69.12861,-104.98722,Malaise trap,Jul,CBAY
KBIMP-_006_B3,CBAY0043,21-Jul-24,69.12861,-104.98722,Malaise trap,Jul,CBAY
KBIMP-_006_B4,CBAY0043,21-Jul-24,69.12861,-104.98722,Malaise trap,Jul,CBAY
KBIMP-_006_B5,CBAY0043,21-Jul-24,69.12861,-104.98722,Malaise trap,Jul,CBAY
KBIMP-_006_B6,CBAY0043,21-Jul-24,69.12861,-104.98722,Malaise trap,Jul,CBAY
KBIMP-_006_B7,CBAY0043,21-Jul-24,69.12861,-104.98722,Malaise trap,Jul,CBAY
KBIMP-_006_B8,CBAY0043,21-Jul-24,69.12861,-104.98722,Malaise trap,Jul,CBAY
KBIMP-_006_B9,CBAY0043,21-Jul-24,69.12861,-104.98722,Malaise trap,Jul,CBAY
KBIMP-_006_B10,CBAY0043,21-Jul-24,69.12861,-104.98722,Malaise trap,Jul,CBAY
KBIMP-_006_B11,CBAY0043,21-Jul-24,69.12861,-104.98722,Malaise trap,Jul,CBAY
KBIMP-_006_B12,CBAY0043,21-Jul-24,69.12861,-104.98722,Malaise trap,Jul,CBAY
KBIMP-_006_C1,CBAY0043,21-Jul-24,69.12861,-104.98722,Malaise trap,Jul,CBAY
KBIMP-_006_C2,CBAY0043,21-Jul-24,69.12861,-104.98722,Malaise trap,Jul,CBAY
KBIMP-_006_C3,CBAY0043,21-Jul-24,69.12861,-104.98722,Malaise trap,Jul,CBAY
KBIMP-_006_C4,CBAY0043,21-Jul-24,69.12861,-104.98722,Malaise trap,Jul,CBAY
KBIMP-_006_C5,CBAY0043,21-Jul-24,69.12861,-104.98722,Malaise trap,Jul,CBAY
KBIMP-_006_C6,CBAY0043,21-Jul-24,69.12861,-104.98722,Malaise trap,Jul,CBAY
KBIMP-_006_C7,CBAY0043,21-Jul-24,69.12861,-104.98722,Malaise trap,Jul,CBAY
KBIMP-_007_C6,KGLTK0014,30-Jul,67 49.2122,115 05.0807,Malaise trap,Jul,KGLTK
KBIMP-_007_C7,KGLTK0014,30-Jul,67 49.2122,115 05.0807,Malaise trap,Jul,KGLTK
KBIMP-_007_C8,KGLTK0014,30-Jul,67 49.2122,115 05.0807,Malaise trap,Jul,KGLTK
KBIMP-_007_C9,KGLTK0014,30-Jul,67 49.2122,115 05.0807,Malaise trap,Jul,KGLTK
KBIMP-_007_C10,KGLTK0014,30-Jul,67 49.2122,115 05.0807,Malaise trap,Jul,KGLTK
KBIMP-_007_C11,KGLTK0014,30-Jul,67 49.2122,115 05.0807,Malaise trap,Jul,KGLTK
KBIMP-_007_C12,KGLTK0014,30-Jul,67 49.2122,115 05.0807,Malaise trap,Jul,KGLTK
KBIMP-_007_D1,KGLTK0014,30-Jul,67 49.2122,115 05.0807,Malaise trap,Jul,KGLTK
KBIMP-_007_D2,KGLTK0014,30-Jul,67 49.2122,115 05.0807,Malaise trap,Jul,KGLTK
KBIMP-_007_D3,KGLTK0014,30-Jul,67 49.2122,115 05.0807,Malaise trap,Jul,KGLTK
KBIMP-_007_A3,KGLTK0032,06-Aug,67 49.7282,115 05.7444,Malaise trap,Aug,KGLTK
KBIMP-_007_A4,KGLTK0032,06-Aug,67 49.7282,115 05.7444,Malaise trap,Aug,KGLTK
KBIMP-_007_A5,KGLTK0032,06-Aug,67 49.7282,115 05.7444,Malaise trap,Aug,KGLTK
KBIMP-_007_A6,KGLTK0032,06-Aug,67 49.7282,115 05.7444,Malaise trap,Aug,KGLTK
KBIMP-_007_A7,KGLTK0032,06-Aug,67 49.7282,115 05.7444,Malaise trap,Aug,KGLTK
KBIMP-_007_A8,KGLTK0032,06-Aug,67 49.7282,115 05.7444,Malaise trap,Aug,KGLTK
KBIMP-_007_A9,KGLTK0032,06-Aug,67 49.7282,115 05.7444,Malaise trap,Aug,KGLTK
KBIMP-_007_A10,KGLTK0032,06-Aug,67 49.7282,115 05.7444,Malaise trap,Aug,KGLTK
KBIMP_003_G4,CBAY0047,31-Jul-24,69.133033,-105.462978,Sweep net,Jul,CBAY
KBIMP-_007_H9,KGLTK0019,31-Jul,67 51.0830,115 16.3340,Malaise trap,Jul,KGLTK
KBIMP-_007_H10,KGLTK0019,31-Jul,67 51.0830,115 16.3340,Malaise trap,Jul,KGLTK
KBIMP-_007_H11,KGLTK0019,31-Jul,67 51.0830,115 16.3340,Malaise trap,Jul,KGLTK
KBIMP-_008_A1,KGLTK0019,31-Jul,67 51.0830,115 16.3340,Malaise trap,Jul,KGLTK
KBIMP-_008_A2,KGLTK0019,31-Jul,67 51.0830,115 16.3340,Malaise trap,Jul,KGLTK
KBIMP-_008_A3,KGLTK0019,31-Jul,67 51.0830,115 16.3340,Malaise trap,Jul,KGLTK
KBIMP-_008_A4,KGLTK0019,31-Jul,67 51.0830,115 16.3340,Malaise trap,Jul,KGLTK
KBIMP-_008_A5,KGLTK0019,31-Jul,67 51.0830,115 16.3340,Malaise trap,Jul,KGLTK
KBIMP-_008_A6,KGLTK0019,31-Jul,67 51.0830,115 16.3340,Malaise trap,Jul,KGLTK
KBIMP-_008_A7,KGLTK0019,31-Jul,67 51.0830,115 16.3340,Malaise trap,Jul,KGLTK
KBIMP-_008_A8,KGLTK0019,31-Jul,67 51.0830,115 16.3340,Malaise trap,Jul,KGLTK
KBIMP_004_A11,CBAY0056,31-Jul-24,69.13281,-105.4632,Malaise trap,Jul,CBAY
KBIMP_004_A12,CBAY0056,31-Jul-24,69.13281,-105.4632,Malaise trap,Jul,CBAY
KBIMP_004_B1,CBAY0056,31-Jul-24,69.13281,-105.4632,Malaise trap,Jul,CBAY
KBIMP_004_B2,CBAY0056,31-Jul-24,69.13281,-105.4632,Malaise trap,Jul,CBAY
KBIMP_004_B3,CBAY0056,31-Jul-24,69.13281,-105.4632,Malaise trap,Jul,CBAY
KBIMP_004_B4,CBAY0056,31-Jul-24,69.13281,-105.4632,Malaise trap,Jul,CBAY
KBIMP_004_B5,CBAY0056,31-Jul-24,69.13281,-105.4632,Malaise trap,Jul,CBAY
KBIMP_004_B6,CBAY0056,31-Jul-24,69.13281,-105.4632,Malaise trap,Jul,CBAY
KBIMP_004_B7,CBAY0056,31-Jul-24,69.13281,-105.4632,Malaise trap,Jul,CBAY
KBIMP_004_B8,CBAY0056,31-Jul-24,69.13281,-105.4632,Malaise trap,Jul,CBAY
KBIMP_004_B9,CBAY0056,31-Jul-24,69.13281,-105.4632,Malaise trap,Jul,CBAY
KBIMP_004_B10,CBAY0056,31-Jul-24,69.13281,-105.4632,Malaise trap,Jul,CBAY
KBIMP_004_B11,CBAY0056,31-Jul-24,69.13281,-105.4632,Malaise trap,Jul,CBAY
KBIMP_004_B12,CBAY0056,31-Jul-24,69.13281,-105.4632,Malaise trap,Jul,CBAY
KBIMP_004_C1,CBAY0056,31-Jul-24,69.13281,-105.4632,Malaise trap,Jul,CBAY
KBIMP_004_C2,CBAY0056,31-Jul-24,69.13281,-105.4632,Malaise trap,Jul,CBAY
KBIMP_004_C3,CBAY0056,31-Jul-24,69.13281,-105.4632,Malaise trap,Jul,CBAY
KBIMP_004_C4,CBAY0056,31-Jul-24,69.13281,-105.4632,Malaise trap,Jul,CBAY
KBIMP_004_C5,CBAY0056,31-Jul-24,69.13281,-105.4632,Malaise trap,Jul,CBAY
KBIMP_004_C6,CBAY0056,31-Jul-24,69.13281,-105.4632,Malaise trap,Jul,CBAY
KBIMP_004_D5,CBAY0025,31-Jul-24,69.158448,-105.190938,Malaise trap,Jul,CBAY
KBIMP_004_D6,CBAY0025,31-Jul-24,69.158448,-105.190938,Malaise trap,Jul,CBAY
KBIMP_004_D7,CBAY0025,31-Jul-24,69.158448,-105.190938,Malaise trap,Jul,CBAY
KBIMP_004_D8,CBAY0025,31-Jul-24,69.158448,-105.190938,Malaise trap,Jul,CBAY
KBIMP_004_D9,CBAY0025,31-Jul-24,69.158448,-105.190938,Malaise trap,Jul,CBAY
KBIMP_004_D10,CBAY0025,31-Jul-24,69.158448,-105.190938,Malaise trap,Jul,CBAY
KBIMP_004_D11,CBAY0025,31-Jul-24,69.158448,-105.190938,Malaise trap,Jul,CBAY
KBIMP-_006_G4,CBAY0025,31-Jul-24,69.158448,-105.190938,Malaise trap,Jul,CBAY
KBIMP_004_E1,CBAY0025,31-Jul-24,69.158448,-105.190938,Malaise trap,Jul,CBAY
KBIMP_004_E2,CBAY0025,31-Jul-24,69.158448,-105.190938,Malaise trap,Jul,CBAY
KBIMP-_005_A1,CBAY0025,31-Jul-24,69.158448,-105.190938,Malaise trap,Jul,CBAY
KBIMP-_008_D7,KGLTK0018,31-Jul,67 48.5939,115 07.5350,Malaise trap,Jul,KGLTK
KBIMP-_008_D8,KGLTK0018,31-Jul,67 48.5939,115 07.5350,Malaise trap,Jul,KGLTK
KBIMP-_008_D9,KGLTK0018,31-Jul,67 48.5939,115 07.5350,Malaise trap,Jul,KGLTK
KBIMP-_008_D10,KGLTK0018,31-Jul,67 48.5939,115 07.5350,Malaise trap,Jul,KGLTK
KBIMP-_008_D11,KGLTK0018,31-Jul,67 48.5939,115 07.5350,Malaise trap,Jul,KGLTK
KBIMP-_008_D12,KGLTK0018,31-Jul,67 48.5939,115 07.5350,Malaise trap,Jul,KGLTK
KBIMP-_008_E1,KGLTK0018,31-Jul,67 48.5939,115 07.5350,Malaise trap,Jul,KGLTK
KBIMP-_008_E2,KGLTK0018,31-Jul,67 48.5939,115 07.5350,Malaise trap,Jul,KGLTK
KBIMP-_008_E3,KGLTK0018,31-Jul,67 48.5939,115 07.5350,Malaise trap,Jul,KGLTK
KBIMP-_008_E4,KGLTK0018,31-Jul,67 48.5939,115 07.5350,Malaise trap,Jul,KGLTK
KBIMP-_008_E5,KGLTK0018,31-Jul,67 48.5939,115 07.5350,Malaise trap,Jul,KGLTK
KBIMP-_008_E6,KGLTK0018,31-Jul,67 48.5939,115 07.5350,Malaise trap,Jul,KGLTK
KBIMP-_007_A11,KGLTK0015,31-Jul,67 49.3977,115 09.0248,Malaise trap,Jul,KGLTK
KBIMP-_007_A12,KGLTK0015,31-Jul,67 49.3977,115 09.0248,Malaise trap,Jul,KGLTK
KBIMP-_007_B1,KGLTK0015,31-Jul,67 49.3977,115 09.0248,Malaise trap,Jul,KGLTK
KBIMP-_007_B2,KGLTK0015,31-Jul,67 49.3977,115 09.0248,Malaise trap,Jul,KGLTK
KBIMP-_007_B3,KGLTK0015,31-Jul,67 49.3977,115 09.0248,Malaise trap,Jul,KGLTK
KBIMP-_007_B4,KGLTK0015,31-Jul,67 49.3977,115 09.0248,Malaise trap,Jul,KGLTK
KBIMP-_007_B5,KGLTK0015,31-Jul,67 49.3977,115 09.0248,Malaise trap,Jul,KGLTK
KBIMP-_007_B6,KGLTK0015,31-Jul,67 49.3977,115 09.0248,Malaise trap,Jul,KGLTK
KBIMP-_007_B7,KGLTK0015,31-Jul,67 49.3977,115 09.0248,Malaise trap,Jul,KGLTK
KBIMP-_007_B8,KGLTK0015,31-Jul,67 49.3977,115 09.0248,Malaise trap,Jul,KGLTK
KBIMP-_007_B9,KGLTK0015,31-Jul,67 49.3977,115 09.0248,Malaise trap,Jul,KGLTK
KBIMP-_007_B10,KGLTK0015,31-Jul,67 49.3977,115 09.0248,Malaise trap,Jul,KGLTK
KBIMP-_007_B11,KGLTK0015,31-Jul,67 49.3977,115 09.0248,Malaise trap,Jul,KGLTK
KBIMP-_007_B12,KGLTK0015,31-Jul,67 49.3977,115 09.0248,Malaise trap,Jul,KGLTK
KBIMP-_007_C1,KGLTK0015,31-Jul,67 49.3977,115 09.0248,Malaise trap,Jul,KGLTK
KBIMP-_007_C2,KGLTK0015,31-Jul,67 49.3977,115 09.0248,Malaise trap,Jul,KGLTK
KBIMP-_007_C3,KGLTK0015,31-Jul,67 49.3977,115 09.0248,Malaise trap,Jul,KGLTK
KBIMP-_008_F1,KGLTK0015,31-Jul,67 49.3977,115 09.0248,Malaise trap,Jul,KGLTK
KBIMP-_007_F2,KGLTK0008,08-Aug,67 49. 4286,115 09.0514,Malaise trap,Aug,KGLTK
KBIMP-_007_F3,KGLTK0008,08-Aug,67 49. 4286,115 09.0514,Malaise trap,Aug,KGLTK
KBIMP-_007_F4,KGLTK0008,08-Aug,67 49. 4286,115 09.0514,Malaise trap,Aug,KGLTK
KBIMP-_007_F5,KGLTK0008,08-Aug,67 49. 4286,115 09.0514,Malaise trap,Aug,KGLTK
KBIMP-_007_F6,KGLTK0008,08-Aug,67 49. 4286,115 09.0514,Malaise trap,Aug,KGLTK
KBIMP-_007_F7,KGLTK0008,08-Aug,67 49. 4286,115 09.0514,Malaise trap,Aug,KGLTK
KBIMP-_007_F8,KGLTK0008,08-Aug,67 49. 4286,115 09.0514,Malaise trap,Aug,KGLTK
KBIMP-_007_F9,KGLTK0008,08-Aug,67 49. 4286,115 09.0514,Malaise trap,Aug,KGLTK
KBIMP-_007_F10,KGLTK0008,08-Aug,67 49. 4286,115 09.0514,Malaise trap,Aug,KGLTK
KBIMP-_007_F11,KGLTK0008,08-Aug,67 49. 4286,115 09.0514,Malaise trap,Aug,KGLTK
KBIMP-_007_F12,KGLTK0008,08-Aug,67 49. 4286,115 09.0514,Malaise trap,Aug,KGLTK
KBIMP-_007_G1,KGLTK0008,08-Aug,67 49. 4286,115 09.0514,Malaise trap,Aug,KGLTK
KBIMP-_007_G2,KGLTK0008,08-Aug,67 49. 4286,115 09.0514,Malaise trap,Aug,KGLTK
KBIMP-_007_G3,KGLTK0008,08-Aug,67 49. 4286,115 09.0514,Malaise trap,Aug,KGLTK
KBIMP-_007_G4,KGLTK0008,08-Aug,67 49. 4286,115 09.0514,Malaise trap,Aug,KGLTK
KBIMP-_007_G5,KGLTK0008,08-Aug,67 49. 4286,115 09.0514,Malaise trap,Aug,KGLTK
KBIMP-_007_G6,KGLTK0008,08-Aug,67 49. 4286,115 09.0514,Malaise trap,Aug,KGLTK
KBIMP-_007_G7,KGLTK0008,08-Aug,67 49. 4286,115 09.0514,Malaise trap,Aug,KGLTK
KBIMP-_007_G8,KGLTK0008,08-Aug,67 49. 4286,115 09.0514,Malaise trap,Aug,KGLTK
KBIMP-_007_G9,KGLTK0008,08-Aug,67 49. 4286,115 09.0514,Malaise trap,Aug,KGLTK
KBIMP-_008_F2,KGLTK0008,08-Aug,67 49. 4286,115 09.0514,Malaise trap,Aug,KGLTK
KBIMP-_008_F3,KGLTK0008,08-Aug,67 49. 4286,115 09.0514,Malaise trap,Aug,KGLTK
KBIMP-_008_F4,KGLTK0008,08-Aug,67 49. 4286,115 09.0514,Malaise trap,Aug,KGLTK
KBIMP-_008_F5,KGLTK0008,08-Aug,67 49. 4286,115 09.0514,Malaise trap,Aug,KGLTK
KBIMP_003_E5,CBAY0046,01-Aug-24,69.119312,-105.127489,Sweep net,Aug,CBAY
KBIMP_003_E6,CBAY0046,01-Aug-24,69.119312,-105.127489,Sweep net,Aug,CBAY
KBIMP_003_E7,CBAY0046,01-Aug-24,69.119312,-105.127489,Sweep net,Aug,CBAY
KBIMP_003_E8,CBAY0046,01-Aug-24,69.119312,-105.127489,Sweep net,Aug,CBAY
KBIMP_003_E9,CBAY0046,01-Aug-24,69.119312,-105.127489,Sweep net,Aug,CBAY
KBIMP_003_E10,CBAY0046,01-Aug-24,69.119312,-105.127489,Sweep net,Aug,CBAY
KBIMP_003_E11,CBAY0046,01-Aug-24,69.119312,-105.127489,Sweep net,Aug,CBAY
KBIMP_003_E12,CBAY0046,01-Aug-24,69.119312,-105.127489,Sweep net,Aug,CBAY
KBIMP_003_F1,CBAY0046,01-Aug-24,69.119312,-105.127489,Sweep net,Aug,CBAY
KBIMP_003_F2,CBAY0046,01-Aug-24,69.119312,-105.127489,Sweep net,Aug,CBAY
KBIMP_003_F3,CBAY0041,01-Aug-24,69.147755,-105.1927579,Sweep net,Aug,CBAY
KBIMP_003_F4,CBAY0050,01-Aug-24,69.158205,-105.190377,Sweep net,Aug,CBAY
KBIMP_003_F5,CBAY0050,01-Aug-24,69.158205,-105.190377,Sweep net,Aug,CBAY
KBIMP_003_F6,CBAY0050,01-Aug-24,69.158205,-105.190377,Sweep net,Aug,CBAY
KBIMP_003_F7,CBAY0050,01-Aug-24,69.158205,-105.190377,Sweep net,Aug,CBAY
KBIMP_003_F8,CBAY0050,01-Aug-24,69.158205,-105.190377,Sweep net,Aug,CBAY
KBIMP_003_F9,CBAY0050,01-Aug-24,69.158205,-105.190377,Sweep net,Aug,CBAY
KBIMP_003_F10,CBAY0050,01-Aug-24,69.158205,-105.190377,Sweep net,Aug,CBAY
KBIMP_003_F11,CBAY0050,01-Aug-24,69.158205,-105.190377,Sweep net,Aug,CBAY
KBIMP_003_F12,CBAY0050,01-Aug-24,69.158205,-105.190377,Sweep net,Aug,CBAY
KBIMP_003_G1,CBAY0050,01-Aug-24,69.158205,-105.190377,Sweep net,Aug,CBAY
KBIMP_003_G2,CBAY0050,01-Aug-24,69.158205,-105.190377,Sweep net,Aug,CBAY
KBIMP_003_G3,CBAY0050,01-Aug-24,69.158205,-105.190377,Sweep net,Aug,CBAY
KBIMP_003_H5,CBAY0044,01-Aug-24,69.167666,-105.195481,Sweep net,Aug,CBAY
KBIMP-_005_F7,CBAY0027,01-Aug-24,69.132477,-104.988683,Malaise trap,Aug,CBAY
KBIMP-_005_F8,CBAY0027,01-Aug-24,69.132477,-104.988683,Malaise trap,Aug,CBAY
KBIMP-_005_F9,CBAY0027,01-Aug-24,69.132477,-104.988683,Malaise trap,Aug,CBAY
KBIMP-_005_F10,CBAY0027,01-Aug-24,69.132477,-104.988683,Malaise trap,Aug,CBAY
KBIMP-_005_F11,CBAY0027,01-Aug-24,69.132477,-104.988683,Malaise trap,Aug,CBAY
KBIMP-_005_F12,CBAY0027,01-Aug-24,69.132477,-104.988683,Malaise trap,Aug,CBAY
KBIMP-_005_G1,CBAY0027,01-Aug-24,69.132477,-104.988683,Malaise trap,Aug,CBAY
KBIMP-_005_G2,CBAY0027,01-Aug-24,69.132477,-104.988683,Malaise trap,Aug,CBAY
KBIMP-_005_G3,CBAY0027,01-Aug-24,69.132477,-104.988683,Malaise trap,Aug,CBAY
KBIMP-_005_G4,CBAY0027,01-Aug-24,69.132477,-104.988683,Malaise trap,Aug,CBAY
KBIMP-_005_G5,CBAY0027,01-Aug-24,69.132477,-104.988683,Malaise trap,Aug,CBAY
KBIMP-_005_G6,CBAY0027,01-Aug-24,69.132477,-104.988683,Malaise trap,Aug,CBAY
KBIMP-_005_G7,CBAY0027,01-Aug-24,69.132477,-104.988683,Malaise trap,Aug,CBAY
KBIMP-_005_G8,CBAY0027,01-Aug-24,69.132477,-104.988683,Malaise trap,Aug,CBAY
KBIMP-_005_G9,CBAY0027,01-Aug-24,69.132477,-104.988683,Malaise trap,Aug,CBAY
KBIMP-_005_G10,CBAY0027,01-Aug-24,69.132477,-104.988683,Malaise trap,Aug,CBAY
KBIMP-_005_G11,CBAY0027,01-Aug-24,69.132477,-104.988683,Malaise trap,Aug,CBAY
KBIMP-_005_G12,CBAY0027,01-Aug-24,69.132477,-104.988683,Malaise trap,Aug,CBAY
KBIMP-_005_H1,CBAY0027,01-Aug-24,69.132477,-104.988683,Malaise trap,Aug,CBAY
KBIMP-_005_H2,CBAY0027,01-Aug-24,69.132477,-104.988683,Malaise trap,Aug,CBAY
KBIMP_002_H7,CBAY0060,02-Aug-24,69.132277,-104.988613,Sweep net,Aug,CBAY
KBIMP_002_H8,CBAY0060,02-Aug-24,69.132277,-104.988613,Sweep net,Aug,CBAY
KBIMP_002_H9,CBAY0060,02-Aug-24,69.132277,-104.988613,Sweep net,Aug,CBAY
KBIMP_002_H10,CBAY0060,02-Aug-24,69.132277,-104.988613,Sweep net,Aug,CBAY
KBIMP_002_H11,CBAY0060,02-Aug-24,69.132277,-104.988613,Sweep net,Aug,CBAY
KBIMP_003_A1,CBAY0060,02-Aug-24,69.132277,-104.988613,Sweep net,Aug,CBAY
KBIMP_003_A2,CBAY0060,02-Aug-24,69.132277,-104.988613,Sweep net,Aug,CBAY
KBIMP_003_A3,CBAY0060,02-Aug-24,69.132277,-104.988613,Sweep net,Aug,CBAY
KBIMP_003_A4,CBAY0060,02-Aug-24,69.132277,-104.988613,Sweep net,Aug,CBAY
KBIMP_003_A5,CBAY0060,02-Aug-24,69.132277,-104.988613,Sweep net,Aug,CBAY
KBIMP_003_A6,CBAY0060,02-Aug-24,69.132277,-104.988613,Sweep net,Aug,CBAY
KBIMP_003_A7,CBAY0060,02-Aug-24,69.132277,-104.988613,Sweep net,Aug,CBAY
KBIMP_003_A8,CBAY0060,02-Aug-24,69.132277,-104.988613,Sweep net,Aug,CBAY
KBIMP-_006_G3,CBAY0035,02-Aug-24,69.128939,-104.994109,Sweep net,Aug,CBAY
KBIMP-_005_D1,CBAY0035,02-Aug-24,69.128939,-104.994109,Sweep net,Aug,CBAY
KBIMP-_005_D2,CBAY0035,02-Aug-24,69.128939,-104.994109,Sweep net,Aug,CBAY
KBIMP-_005_D3,CBAY0035,02-Aug-24,69.128939,-104.994109,Sweep net,Aug,CBAY
KBIMP-_005_D4,CBAY0035,02-Aug-24,69.128939,-104.994109,Sweep net,Aug,CBAY
KBIMP-_005_D5,CBAY0035,02-Aug-24,69.128939,-104.994109,Sweep net,Aug,CBAY
KBIMP-_005_D6,CBAY0035,02-Aug-24,69.128939,-104.994109,Sweep net,Aug,CBAY
KBIMP-_005_D7,CBAY0035,02-Aug-24,69.128939,-104.994109,Sweep net,Aug,CBAY
KBIMP-_005_D8,CBAY0035,02-Aug-24,69.128939,-104.994109,Sweep net,Aug,CBAY
KBIMP-_005_D9,CBAY0035,02-Aug-24,69.128939,-104.994109,Sweep net,Aug,CBAY
KBIMP-_005_D10,CBAY0035,02-Aug-24,69.128939,-104.994109,Sweep net,Aug,CBAY
KBIMP-_005_D11,CBAY0035,02-Aug-24,69.128939,-104.994109,Sweep net,Aug,CBAY
KBIMP-_005_D12,CBAY0035,02-Aug-24,69.128939,-104.994109,Sweep net,Aug,CBAY
KBIMP-_005_E1,CBAY0035,02-Aug-24,69.128939,-104.994109,Sweep net,Aug,CBAY
KBIMP-_005_E2,CBAY0035,02-Aug-24,69.128939,-104.994109,Sweep net,Aug,CBAY
KBIMP-_005_E3,CBAY0035,02-Aug-24,69.128939,-104.994109,Sweep net,Aug,CBAY
KBIMP-_005_E4,CBAY0035,02-Aug-24,69.128939,-104.994109,Sweep net,Aug,CBAY
KBIMP-_005_E5,CBAY0035,02-Aug-24,69.128939,-104.994109,Sweep net,Aug,CBAY
KBIMP-_005_E6,CBAY0035,02-Aug-24,69.128939,-104.994109,Sweep net,Aug,CBAY
KBIMP-_005_E7,CBAY0035,02-Aug-24,69.128939,-104.994109,Sweep net,Aug,CBAY
KBIMP-_006_C8,CBAY0055,02-Aug-24,69.14212,-104.947332,Sweep net,Aug,CBAY
KBIMP-_006_C9,CBAY0055,02-Aug-24,69.14212,-104.947332,Sweep net,Aug,CBAY
KBIMP-_006_C10,CBAY0055,02-Aug-24,69.14212,-104.947332,Sweep net,Aug,CBAY
KBIMP-_006_C11,CBAY0055,02-Aug-24,69.14212,-104.947332,Sweep net,Aug,CBAY
KBIMP-_006_C12,CBAY0055,02-Aug-24,69.14212,-104.947332,Sweep net,Aug,CBAY
KBIMP-_006_D1,CBAY0055,02-Aug-24,69.14212,-104.947332,Sweep net,Aug,CBAY
KBIMP-_006_D2,CBAY0055,02-Aug-24,69.14212,-104.947332,Sweep net,Aug,CBAY
KBIMP-_006_D3,CBAY0055,02-Aug-24,69.14212,-104.947332,Sweep net,Aug,CBAY
KBIMP-_006_D4,CBAY0055,02-Aug-24,69.14212,-104.947332,Sweep net,Aug,CBAY
KBIMP-_006_D5,CBAY0055,02-Aug-24,69.14212,-104.947332,Sweep net,Aug,CBAY
KBIMP-_006_D6,CBAY0055,02-Aug-24,69.14212,-104.947332,Sweep net,Aug,CBAY
KBIMP-_006_G1,CBAY0055,02-Aug-24,69.14212,-104.947332,Sweep net,Aug,CBAY
KBIMP_003_G5,CBAY0069,03-Aug-24,69.090294,-105.225557,Sweep net,Aug,CBAY
KBIMP_003_G6,CBAY0069,03-Aug-24,69.090294,-105.225557,Sweep net,Aug,CBAY
KBIMP_002_F12,CBAY0066,05-Aug-24,69.11194444,-104.9858333,Sweep net,Aug,CBAY
KBIMP_002_G1,CBAY0066,05-Aug-24,69.11194444,-104.9858333,Sweep net,Aug,CBAY
KBIMP_002_G2,CBAY0072,05-Aug-24,69.17888889,-104.8227778,Sweep net,Aug,CBAY
KBIMP_002_G3,CBAY0072,05-Aug-24,69.17888889,-104.8227778,Sweep net,Aug,CBAY
KBIMP_002_G4,CBAY0072,05-Aug-24,69.17888889,-104.8227778,Sweep net,Aug,CBAY
KBIMP_002_G5,CBAY0072,05-Aug-24,69.17888889,-104.8227778,Sweep net,Aug,CBAY
KBIMP_002_G6,CBAY0072,05-Aug-24,69.17888889,-104.8227778,Sweep net,Aug,CBAY
KBIMP_002_G7,CBAY0072,05-Aug-24,69.17888889,-104.8227778,Sweep net,Aug,CBAY
KBIMP_002_G8,CBAY0072,05-Aug-24,69.17888889,-104.8227778,Sweep net,Aug,CBAY
KBIMP_003_C1,CBAY0062,05-Aug-24,69.12861111,-104.9897222,Sweep net,Aug,CBAY
KBIMP_003_C2,CBAY0062,05-Aug-24,69.12861111,-104.9897222,Sweep net,Aug,CBAY
KBIMP_003_C3,CBAY0062,05-Aug-24,69.12861111,-104.9897222,Sweep net,Aug,CBAY
KBIMP_003_C4,CBAY0062,05-Aug-24,69.12861111,-104.9897222,Sweep net,Aug,CBAY
KBIMP_003_C5,CBAY0062,05-Aug-24,69.12861111,-104.9897222,Sweep net,Aug,CBAY
KBIMP_003_C6,CBAY0067,03-Aug-24,69.096233,-105.274031,Sweep net,Aug,CBAY
KBIMP_003_C7,CBAY0073,05-Aug-24,69.20527778,-104.7755556,Sweep net,Aug,CBAY
KBIMP_003_C8,CBAY0073,05-Aug-24,69.20527778,-104.7755556,Sweep net,Aug,CBAY
KBIMP_003_C9,CBAY0073,05-Aug-24,69.20527778,-104.7755556,Sweep net,Aug,CBAY
KBIMP_003_C10,CBAY0073,05-Aug-24,69.20527778,-104.7755556,Sweep net,Aug,CBAY
KBIMP_003_C11,CBAY0073,05-Aug-24,69.20527778,-104.7755556,Sweep net,Aug,CBAY
KBIMP_003_C12,CBAY0073,05-Aug-24,69.20527778,-104.7755556,Sweep net,Aug,CBAY
KBIMP_003_D1,CBAY0073,05-Aug-24,69.20527778,-104.7755556,Sweep net,Aug,CBAY
KBIMP_003_D2,CBAY0073,05-Aug-24,69.20527778,-104.7755556,Sweep net,Aug,CBAY
KBIMP_003_D3,CBAY0073,05-Aug-24,69.20527778,-104.7755556,Sweep net,Aug,CBAY
KBIMP_003_D4,CBAY0073,05-Aug-24,69.20527778,-104.7755556,Sweep net,Aug,CBAY
KBIMP_003_G7,CBAY0071,05-Aug-24,69.14305556,-104.9475,Sweep net,Aug,CBAY
KBIMP_003_G8,CBAY0071,05-Aug-24,69.14305556,-104.9475,Sweep net,Aug,CBAY
KBIMP_003_G9,CBAY0071,05-Aug-24,69.14305556,-104.9475,Sweep net,Aug,CBAY
KBIMP_003_G10,CBAY0071,05-Aug-24,69.14305556,-104.9475,Sweep net,Aug,CBAY
KBIMP_003_G11,CBAY0071,05-Aug-24,69.14305556,-104.9475,Sweep net,Aug,CBAY
KBIMP_003_G12,CBAY0071,05-Aug-24,69.14305556,-104.9475,Sweep net,Aug,CBAY
KBIMP_003_H1,CBAY0071,05-Aug-24,69.14305556,-104.9475,Sweep net,Aug,CBAY
KBIMP_003_H2,CBAY0071,05-Aug-24,69.14305556,-104.9475,Sweep net,Aug,CBAY
KBIMP_003_H3,CBAY0071,05-Aug-24,69.14305556,-104.9475,Sweep net,Aug,CBAY
KBIMP_003_H4,CBAY0071,05-Aug-24,69.14305556,-104.9475,Sweep net,Aug,CBAY
KBIMP-_005_B4,CBAY0071,05-Aug-24,69.14305556,-104.9475,Sweep net,Aug,CBAY
KBIMP-_005_B5,CBAY0071,05-Aug-24,69.14305556,-104.9475,Sweep net,Aug,CBAY
KBIMP-_005_B6,CBAY0071,05-Aug-24,69.14305556,-104.9475,Sweep net,Aug,CBAY
KBIMP-_005_B7,CBAY0071,05-Aug-24,69.14305556,-104.9475,Sweep net,Aug,CBAY
KBIMP-_005_B8,CBAY0071,05-Aug-24,69.14305556,-104.9475,Sweep net,Aug,CBAY
KBIMP-_005_B9,CBAY0071,05-Aug-24,69.14305556,-104.9475,Sweep net,Aug,CBAY
KBIMP-_005_B10,CBAY0071,05-Aug-24,69.14305556,-104.9475,Sweep net,Aug,CBAY
KBIMP-_005_B11,CBAY0071,05-Aug-24,69.14305556,-104.9475,Sweep net,Aug,CBAY
KBIMP-_005_B12,CBAY0071,05-Aug-24,69.14305556,-104.9475,Sweep net,Aug,CBAY
KBIMP-_005_H3,CBAY0034,05-Aug-24,69.128611,-104.987222,Malaise trap,Aug,CBAY
KBIMP-_005_H4,CBAY0034,05-Aug-24,69.128611,-104.987222,Malaise trap,Aug,CBAY
KBIMP-_005_H5,CBAY0034,05-Aug-24,69.128611,-104.987222,Malaise trap,Aug,CBAY
KBIMP-_005_H6,CBAY0034,05-Aug-24,69.128611,-104.987222,Malaise trap,Aug,CBAY
KBIMP-_005_H7,CBAY0034,05-Aug-24,69.128611,-104.987222,Malaise trap,Aug,CBAY
KBIMP-_005_H8,CBAY0034,05-Aug-24,69.128611,-104.987222,Malaise trap,Aug,CBAY
KBIMP-_005_H9,CBAY0034,05-Aug-24,69.128611,-104.987222,Malaise trap,Aug,CBAY
KBIMP-_005_H10,CBAY0034,05-Aug-24,69.128611,-104.987222,Malaise trap,Aug,CBAY
KBIMP-_005_H11,CBAY0034,05-Aug-24,69.128611,-104.987222,Malaise trap,Aug,CBAY
KBIMP-_006_A1,CBAY0034,05-Aug-24,69.128611,-104.987222,Malaise trap,Aug,CBAY
KBIMP-_006_A2,CBAY0034,05-Aug-24,69.128611,-104.987222,Malaise trap,Aug,CBAY
KBIMP-_006_A3,CBAY0034,05-Aug-24,69.128611,-104.987222,Malaise trap,Aug,CBAY
KBIMP-_006_A4,CBAY0034,05-Aug-24,69.128611,-104.987222,Malaise trap,Aug,CBAY
KBIMP-_006_A5,CBAY0034,05-Aug-24,69.128611,-104.987222,Malaise trap,Aug,CBAY
KBIMP-_006_A6,CBAY0034,05-Aug-24,69.128611,-104.987222,Malaise trap,Aug,CBAY
KBIMP-_006_A7,CBAY0034,05-Aug-24,69.128611,-104.987222,Malaise trap,Aug,CBAY
KBIMP-_006_A8,CBAY0034,05-Aug-24,69.128611,-104.987222,Malaise trap,Aug,CBAY
KBIMP-_006_A9,CBAY0034,05-Aug-24,69.128611,-104.987222,Malaise trap,Aug,CBAY
KBIMP-_006_A10,CBAY0034,05-Aug-24,69.128611,-104.987222,Malaise trap,Aug,CBAY
KBIMP-_006_A11,CBAY0034,05-Aug-24,69.128611,-104.987222,Malaise trap,Aug,CBAY
KBIMP-_006_F3,CBAY0042,05-Aug-24,69.20535,-104.77646,Malaise trap,Aug,CBAY
KBIMP-_006_F4,CBAY0042,05-Aug-24,69.20535,-104.77646,Malaise trap,Aug,CBAY
KBIMP-_006_F5,CBAY0042,05-Aug-24,69.20535,-104.77646,Malaise trap,Aug,CBAY
KBIMP-_006_F6,CBAY0042,05-Aug-24,69.20535,-104.77646,Malaise trap,Aug,CBAY
KBIMP-_006_F7,CBAY0042,05-Aug-24,69.20535,-104.77646,Malaise trap,Aug,CBAY
KBIMP-_006_F8,CBAY0042,05-Aug-24,69.20535,-104.77646,Malaise trap,Aug,CBAY
KBIMP-_006_F9,CBAY0042,05-Aug-24,69.20535,-104.77646,Malaise trap,Aug,CBAY
KBIMP-_006_F10,CBAY0042,05-Aug-24,69.20535,-104.77646,Malaise trap,Aug,CBAY
KBIMP-_006_F11,CBAY0042,05-Aug-24,69.20535,-104.77646,Malaise trap,Aug,CBAY
KBIMP-_006_F12,CBAY0042,05-Aug-24,69.20535,-104.77646,Malaise trap,Aug,CBAY
KBIMP_002_G9,CBAY0065,07-Aug-24,69.121222,-105.045298,Sweep net,Aug,CBAY
KBIMP_002_G10,CBAY0065,07-Aug-24,69.121222,-105.045298,Sweep net,Aug,CBAY
KBIMP_002_G11,CBAY0065,07-Aug-24,69.121222,-105.045298,Sweep net,Aug,CBAY
KBIMP_002_G12,CBAY0065,07-Aug-24,69.121222,-105.045298,Sweep net,Aug,CBAY
KBIMP_002_H1,CBAY0065,07-Aug-24,69.121222,-105.045298,Sweep net,Aug,CBAY
KBIMP_002_H2,CBAY0065,07-Aug-24,69.121222,-105.045298,Sweep net,Aug,CBAY
KBIMP_002_H3,CBAY0065,07-Aug-24,69.121222,-105.045298,Sweep net,Aug,CBAY
KBIMP_002_H4,CBAY0065,07-Aug-24,69.121222,-105.045298,Sweep net,Aug,CBAY
KBIMP_002_H5,CBAY0065,07-Aug-24,69.121222,-105.045298,Sweep net,Aug,CBAY
KBIMP_002_H6,CBAY0065,07-Aug-24,69.121222,-105.045298,Sweep net,Aug,CBAY
KBIMP_003_A9,CBAY0070,07-Aug-24,69.119088,-105.27378,Sweep net,Aug,CBAY
KBIMP_003_A10,CBAY0070,07-Aug-24,69.119088,-105.27378,Sweep net,Aug,CBAY
KBIMP_003_A11,CBAY0070,07-Aug-24,69.119088,-105.27378,Sweep net,Aug,CBAY
KBIMP_003_A12,CBAY0078,07-Aug-24,69.132886,-105.463173,Sweep net,Aug,CBAY
KBIMP_003_B1,CBAY0078,07-Aug-24,69.132886,-105.463173,Sweep net,Aug,CBAY
KBIMP_003_B2,CBAY0078,07-Aug-24,69.132886,-105.463173,Sweep net,Aug,CBAY
KBIMP_003_B3,CBAY0078,07-Aug-24,69.132886,-105.463173,Sweep net,Aug,CBAY
KBIMP_003_B4,CBAY0078,07-Aug-24,69.132886,-105.463173,Sweep net,Aug,CBAY
KBIMP_003_B5,CBAY0078,07-Aug-24,69.132886,-105.463173,Sweep net,Aug,CBAY
KBIMP_003_B6,CBAY0078,07-Aug-24,69.132886,-105.463173,Sweep net,Aug,CBAY
KBIMP_003_B7,CBAY0078,07-Aug-24,69.132886,-105.463173,Sweep net,Aug,CBAY
KBIMP_003_B8,CBAY0078,07-Aug-24,69.132886,-105.463173,Sweep net,Aug,CBAY
KBIMP_003_B9,CBAY0078,07-Aug-24,69.132886,-105.463173,Sweep net,Aug,CBAY
KBIMP_003_B10,CBAY0078,07-Aug-24,69.132886,-105.463173,Sweep net,Aug,CBAY
KBIMP_003_B11,CBAY0078,07-Aug-24,69.132886,-105.463173,Sweep net,Aug,CBAY
KBIMP_003_B12,CBAY0078,07-Aug-24,69.132886,-105.463173,Sweep net,Aug,CBAY
KBIMP_003_H6,CBAY0045,07-Aug-24,69.13281,-105.4632,Malaise trap,Aug,CBAY
KBIMP_003_H7,CBAY0045,07-Aug-24,69.13281,-105.4632,Malaise trap,Aug,CBAY
KBIMP_003_H8,CBAY0045,07-Aug-24,69.13281,-105.4632,Malaise trap,Aug,CBAY
KBIMP_003_H9,CBAY0045,07-Aug-24,69.13281,-105.4632,Malaise trap,Aug,CBAY
KBIMP_003_H10,CBAY0045,07-Aug-24,69.13281,-105.4632,Malaise trap,Aug,CBAY
KBIMP_003_H11,CBAY0045,07-Aug-24,69.13281,-105.4632,Malaise trap,Aug,CBAY
KBIMP_004_A1,CBAY0045,07-Aug-24,69.13281,-105.4632,Malaise trap,Aug,CBAY
KBIMP_004_A2,CBAY0045,07-Aug-24,69.13281,-105.4632,Malaise trap,Aug,CBAY
KBIMP_004_A3,CBAY0045,07-Aug-24,69.13281,-105.4632,Malaise trap,Aug,CBAY
KBIMP_004_A4,CBAY0045,07-Aug-24,69.13281,-105.4632,Malaise trap,Aug,CBAY
KBIMP_004_A5,CBAY0045,07-Aug-24,69.13281,-105.4632,Malaise trap,Aug,CBAY
KBIMP_004_A6,CBAY0045,07-Aug-24,69.13281,-105.4632,Malaise trap,Aug,CBAY
KBIMP_004_A7,CBAY0045,07-Aug-24,69.13281,-105.4632,Malaise trap,Aug,CBAY
KBIMP_004_A8,CBAY0045,07-Aug-24,69.13281,-105.4632,Malaise trap,Aug,CBAY
KBIMP_004_A9,CBAY0045,07-Aug-24,69.13281,-105.4632,Malaise trap,Aug,CBAY
KBIMP_004_A10,CBAY0045,07-Aug-24,69.13281,-105.4632,Malaise trap,Aug,CBAY
KBIMP_004_C7,CBAY0052,07-Aug-24,69.132477,-104.988683,Malaise trap,Aug,CBAY
KBIMP_004_C8,CBAY0052,07-Aug-24,69.132477,-104.988683,Malaise trap,Aug,CBAY
KBIMP_004_C9,CBAY0052,07-Aug-24,69.132477,-104.988683,Malaise trap,Aug,CBAY
KBIMP_004_C10,CBAY0052,07-Aug-24,69.132477,-104.988683,Malaise trap,Aug,CBAY
KBIMP_004_C11,CBAY0052,07-Aug-24,69.132477,-104.988683,Malaise trap,Aug,CBAY
KBIMP_004_C12,CBAY0052,07-Aug-24,69.132477,-104.988683,Malaise trap,Aug,CBAY
KBIMP_004_D1,CBAY0052,07-Aug-24,69.132477,-104.988683,Malaise trap,Aug,CBAY
KBIMP_004_D2,CBAY0052,07-Aug-24,69.132477,-104.988683,Malaise trap,Aug,CBAY
KBIMP_004_D3,CBAY0052,07-Aug-24,69.132477,-104.988683,Malaise trap,Aug,CBAY
KBIMP_004_D4,CBAY0052,07-Aug-24,69.132477,-104.988683,Malaise trap,Aug,CBAY
KBIMP_004_E3,CBAY0052,07-Aug-24,69.132477,-104.988683,Malaise trap,Aug,CBAY
KBIMP_004_E4,CBAY0052,07-Aug-24,69.132477,-104.988683,Malaise trap,Aug,CBAY
KBIMP_004_E5,CBAY0052,07-Aug-24,69.132477,-104.988683,Malaise trap,Aug,CBAY
KBIMP_004_E6,CBAY0052,07-Aug-24,69.132477,-104.988683,Malaise trap,Aug,CBAY
KBIMP_004_E7,CBAY0052,07-Aug-24,69.132477,-104.988683,Malaise trap,Aug,CBAY
KBIMP_004_E8,CBAY0052,07-Aug-24,69.132477,-104.988683,Malaise trap,Aug,CBAY
KBIMP_004_E9,CBAY0052,07-Aug-24,69.132477,-104.988683,Malaise trap,Aug,CBAY
KBIMP_004_E10,CBAY0052,07-Aug-24,69.132477,-104.988683,Malaise trap,Aug,CBAY
KBIMP_004_E11,CBAY0052,07-Aug-24,69.132477,-104.988683,Malaise trap,Aug,CBAY
KBIMP-_005_A2,CBAY0051,07-Aug-24,69.158448,-105.19093,Malaise trap,Aug,CBAY
KBIMP-_005_A3,CBAY0051,07-Aug-24,69.158448,-105.19093,Malaise trap,Aug,CBAY
KBIMP-_005_A4,CBAY0051,07-Aug-24,69.158448,-105.19093,Malaise trap,Aug,CBAY
KBIMP-_005_A5,CBAY0051,07-Aug-24,69.158448,-105.19093,Malaise trap,Aug,CBAY
KBIMP-_005_A6,CBAY0051,07-Aug-24,69.158448,-105.19093,Malaise trap,Aug,CBAY
KBIMP-_005_A7,CBAY0051,07-Aug-24,69.158448,-105.19093,Malaise trap,Aug,CBAY
KBIMP-_005_A8,CBAY0051,07-Aug-24,69.158448,-105.19093,Malaise trap,Aug,CBAY
KBIMP-_005_A9,CBAY0051,07-Aug-24,69.158448,-105.19093,Malaise trap,Aug,CBAY
KBIMP-_005_A10,CBAY0051,07-Aug-24,69.158448,-105.19093,Malaise trap,Aug,CBAY
KBIMP-_005_A11,CBAY0051,07-Aug-24,69.158448,-105.19093,Malaise trap,Aug,CBAY
KBIMP-_005_A12,CBAY0051,07-Aug-24,69.158448,-105.19093,Malaise trap,Aug,CBAY
KBIMP-_005_B1,CBAY0051,07-Aug-24,69.158448,-105.19093,Malaise trap,Aug,CBAY
KBIMP-_005_B2,CBAY0051,07-Aug-24,69.158448,-105.19093,Malaise trap,Aug,CBAY
KBIMP-_005_B3,CBAY0051,07-Aug-24,69.158448,-105.19093,Malaise trap,Aug,CBAY
KBIMP-_007_G10,KGLTK0003,07-Aug,67 48. 2830,115 13.8697,Malaise trap,Aug,KGLTK
KBIMP-_007_G11,KGLTK0003,07-Aug,67 48. 2830,115 13.8697,Malaise trap,Aug,KGLTK
KBIMP-_007_G12,KGLTK0003,07-Aug,67 48. 2830,115 13.8697,Malaise trap,Aug,KGLTK
KBIMP-_007_H1,KGLTK0003,07-Aug,67 48. 2830,115 13.8697,Malaise trap,Aug,KGLTK
KBIMP-_007_H2,KGLTK0003,07-Aug,67 48. 2830,115 13.8697,Malaise trap,Aug,KGLTK
KBIMP-_007_H3,KGLTK0003,07-Aug,67 48. 2830,115 13.8697,Malaise trap,Aug,KGLTK
KBIMP-_007_H4,KGLTK0003,07-Aug,67 48. 2830,115 13.8697,Malaise trap,Aug,KGLTK
KBIMP-_007_H5,KGLTK0003,07-Aug,67 48. 2830,115 13.8697,Malaise trap,Aug,KGLTK
KBIMP-_007_H6,KGLTK0003,07-Aug,67 48. 2830,115 13.8697,Malaise trap,Aug,KGLTK
KBIMP-_007_H7,KGLTK0003,07-Aug,67 48. 2830,115 13.8697,Malaise trap,Aug,KGLTK
KBIMP-_007_H8,KGLTK0003,07-Aug,67 48. 2830,115 13.8697,Malaise trap,Aug,KGLTK
KBIMP-_008_C9,KGLTK0010,08-Aug,67 48. 5989,115 07.5302,Malaise trap,Aug,KGLTK
KBIMP-_008_C10,KGLTK0010,08-Aug,67 48. 5989,115 07.5302,Malaise trap,Aug,KGLTK
KBIMP-_008_C11,KGLTK0010,08-Aug,67 48. 5989,115 07.5302,Malaise trap,Aug,KGLTK
KBIMP-_008_C12,KGLTK0010,08-Aug,67 48. 5989,115 07.5302,Malaise trap,Aug,KGLTK
KBIMP-_008_D1,KGLTK0010,08-Aug,67 48. 5989,115 07.5302,Malaise trap,Aug,KGLTK
KBIMP-_008_D2,KGLTK0010,08-Aug,67 48. 5989,115 07.5302,Malaise trap,Aug,KGLTK
KBIMP-_008_D3,KGLTK0010,08-Aug,67 48. 5989,115 07.5302,Malaise trap,Aug,KGLTK
KBIMP-_008_D4,KGLTK0010,08-Aug,67 48. 5989,115 07.5302,Malaise trap,Aug,KGLTK
KBIMP-_008_D5,KGLTK0010,08-Aug,67 48. 5989,115 07.5302,Malaise trap,Aug,KGLTK
KBIMP-_008_D6,KGLTK0010,08-Aug,67 48. 5989,115 07.5302,Malaise trap,Aug,KGLTK
KBIMP-_008_A9,KGLTK0036,14-Aug,67 49. 4971,115 05. 3919,Malaise trap,Aug,KGLTK
KBIMP-_008_A10,KGLTK0036,14-Aug,67 49. 4971,115 05. 3919,Malaise trap,Aug,KGLTK
KBIMP-_008_A11,KGLTK0036,14-Aug,67 49. 4971,115 05. 3919,Malaise trap,Aug,KGLTK
KBIMP-_008_A12,KGLTK0036,14-Aug,67 49. 4971,115 05. 3919,Malaise trap,Aug,KGLTK
KBIMP-_008_B1,KGLTK0036,14-Aug,67 49. 4971,115 05. 3919,Malaise trap,Aug,KGLTK
KBIMP-_008_B2,KGLTK0036,14-Aug,67 49. 4971,115 05. 3919,Malaise trap,Aug,KGLTK
KBIMP-_008_B3,KGLTK0036,14-Aug,67 49. 4971,115 05. 3919,Malaise trap,Aug,KGLTK
KBIMP-_008_B4,KGLTK0036,14-Aug,67 49. 4971,115 05. 3919,Malaise trap,Aug,KGLTK
KBIMP-_008_B5,KGLTK0036,14-Aug,67 49. 4971,115 05. 3919,Malaise trap,Aug,KGLTK
KBIMP-_008_C3,KGLTK0037,14-Aug,67 49. 3982,115 09. 0268,Malaise trap,Aug,KGLTK
KBIMP-_008_C4,KGLTK0037,14-Aug,67 49. 3982,115 09. 0268,Malaise trap,Aug,KGLTK
KBIMP-_008_C5,KGLTK0037,14-Aug,67 49. 3982,115 09. 0268,Malaise trap,Aug,KGLTK
KBIMP-_008_C6,KGLTK0037,14-Aug,67 49. 3982,115 09. 0268,Malaise trap,Aug,KGLTK
KBIMP-_008_C7,KGLTK0037,14-Aug,67 49. 3982,115 09. 0268,Malaise trap,Aug,KGLTK
KBIMP-_008_C8,KGLTK0037,14-Aug,67 49. 3982,115 09. 0268,Malaise trap,Aug,KGLTK
KBIMP-_007_E7,KGLTK0043,21-Aug,67 48. 2875,115 13. 8722,Malaise trap,Aug,KGLTK
KBIMP-_007_E8,KGLTK0043,21-Aug,67 48. 2875,115 13. 8722,Malaise trap,Aug,KGLTK
KBIMP-_007_E9,KGLTK0043,21-Aug,67 48. 2875,115 13. 8722,Malaise trap,Aug,KGLTK
KBIMP-_007_E10,KGLTK0043,21-Aug,67 48. 2875,115 13. 8722,Malaise trap,Aug,KGLTK
KBIMP-_007_D4,KGLTK0034,14-Aug,67 48. 5978,115 07. 5427,Malaise trap,Aug,KGLTK
KBIMP-_007_D5,KGLTK0034,14-Aug,67 48. 5978,115 07. 5427,Malaise trap,Aug,KGLTK
KBIMP-_007_D6,KGLTK0034,14-Aug,67 48. 5978,115 07. 5427,Malaise trap,Aug,KGLTK
KBIMP-_007_D7,KGLTK0034,14-Aug,67 48. 5978,115 07. 5427,Malaise trap,Aug,KGLTK
KBIMP-_007_D8,KGLTK0034,14-Aug,67 48. 5978,115 07. 5427,Malaise trap,Aug,KGLTK
KBIMP-_007_D9,KGLTK0034,14-Aug,67 48. 5978,115 07. 5427,Malaise trap,Aug,KGLTK
KBIMP-_007_D10,KGLTK0034,14-Aug,67 48. 5978,115 07. 5427,Malaise trap,Aug,KGLTK
KBIMP-_007_D11,KGLTK0034,14-Aug,67 48. 5978,115 07. 5427,Malaise trap,Aug,KGLTK
KBIMP-_007_D12,KGLTK0034,14-Aug,67 48. 5978,115 07. 5427,Malaise trap,Aug,KGLTK
KBIMP-_007_E1,KGLTK0034,14-Aug,67 48. 5978,115 07. 5427,Malaise trap,Aug,KGLTK
KBIMP-_008_E7,KGLTK0035,14-Aug,67 51. 0828,115 16. 3310,Malaise trap,Aug,KGLTK
KBIMP-_008_E8,KGLTK0035,14-Aug,67 51. 0828,115 16. 3310,Malaise trap,Aug,KGLTK
KBIMP-_008_E9,KGLTK0035,14-Aug,67 51. 0828,115 16. 3310,Malaise trap,Aug,KGLTK
KBIMP-_008_E10,KGLTK0035,14-Aug,67 51. 0828,115 16. 3310,Malaise trap,Aug,KGLTK
KBIMP-_008_E11,KGLTK0035,14-Aug,67 51. 0828,115 16. 3310,Malaise trap,Aug,KGLTK
KBIMP-_008_E12,KGLTK0035,14-Aug,67 51. 0828,115 16. 3310,Malaise trap,Aug,KGLTK
KBIMP-_008_B6,KGLTK0045,16-Aug,67 48. 5963,115 07. 5445,SweepNet,Aug,KGLTK
KBIMP-_008_B7,KGLTK0045,16-Aug,67 48. 5963,115 07. 5445,SweepNet,Aug,KGLTK
KBIMP-_008_B8,KGLTK0045,16-Aug,67 48. 5963,115 07. 5445,SweepNet,Aug,KGLTK
KBIMP-_008_B9,KGLTK0041,21-Aug,67 49.3928,115 09 .0264,Malaise trap,Aug,KGLTK
KBIMP-_008_B10,KGLTK0041,21-Aug,67 49.3928,115 09 .0264,Malaise trap,Aug,KGLTK
KBIMP-_007_E2,KGLTK0042,23-Aug,67 49. 7352,115 06.1291,Malaise trap,Aug,KGLTK
KBIMP-_007_E3,KGLTK0042,23-Aug,67 49. 7352,115 06.1291,Malaise trap,Aug,KGLTK
KBIMP-_007_E4,KGLTK0042,23-Aug,67 49. 7352,115 06.1291,Malaise trap,Aug,KGLTK
KBIMP-_007_E5,KGLTK0042,23-Aug,67 49. 7352,115 06.1291,Malaise trap,Aug,KGLTK
KBIMP-_007_E6,KGLTK0042,23-Aug,67 49. 7352,115 06.1291,Malaise trap,Aug,KGLTK
KBIMP-_007_A1,KGLTK0048,29-Aug,67 49. 4149,115 08. 8729,Malaise trap,Aug,KGLTK
KBIMP-_007_A2,KGLTK0048,29-Aug,67 49. 4149,115 08. 8729,Malaise trap,Aug,KGLTK
KBIMP-_007_E11,KGLTK0047,29-Aug,67 48. 2815,115 13. 8729,Malaise trap,Aug,KGLTK
KBIMP-_007_E12,KGLTK0047,29-Aug,67 48. 2815,115 13. 8729,Malaise trap,Aug,KGLTK
KBIMP-_007_F1,KGLTK0047,29-Aug,67 48. 2815,115 13. 8729,Malaise trap,Aug,KGLTK
KBIMP-_008_B11,KGLTK0049,29-Aug,67 48. 5983,115 07. 5311,Malaise trap,Aug,KGLTK
KBIMP-_008_B12,KGLTK0049,29-Aug,67 48. 5983,115 07. 5311,Malaise trap,Aug,KGLTK
KBIMP-_008_C1,KGLTK0049,29-Aug,67 48. 5983,115 07. 5311,Malaise trap,Aug,KGLTK
KBIMP-_008_C2,KGLTK0049,29-Aug,67 48. 5983,115 07. 5311,Malaise trap,Aug,KGLTK
NA,CBAY0001,21-Jun-24,69.20079,-104.76914,Malaise trap,Jun,NA
NA,CBAY0006,21-Jun-24,69.20525,-104.78947,Malaise trap,Jun,NA
NA,CBAY0054,02-Aug-24,69.152192,-104.913481,Sweep net,Aug,NA
NA,CBAY0061,03-Aug-24,69.092068,-105.2498,Sweep net,Aug,NA
NA,CBAY0068,03-Aug-24,69.099735,-105.227898,Sweep net,Aug,NA
NA,KGLTK0011,16-Jul,67 49.4917,115 05.3935,Malaise trap,Jul,NA
NA,KGLTK0004,16-Jul,67 49.4903,115 05.3942,SweepNet,Jul,NA
NA,KGLTK0033,31-Jul,67 48. 5975,115 07. 5335,sweep net,Jul,NA
NA,KGLTK0038,08-Aug,67 49.4941,115 05. 3924,SweepNet,Aug,NA
NA,KGLTK0044,21-Aug,67 48. 5976,115 07. 5319,Malaise trap,Aug,NA
