Project Code,Process ID,Sample ID,Field ID,BIN,Catalog Num,COI-5P Seq. Length,COI-5P Trace Count,COI-5P Accession,COII Seq. Length,COII Trace Count,COII Accession,Image Count,Barcode Compliant,Contamination,Stop Codon,Flagged Record,Collection Date,Identification,Life Stage,Extra Info,Voucher Type,Institution,Notes,Phylum,Class,Order,Family,Subfamily,Tribe,Genus,Species,Subspecies,Identifier,Identifier Email,Identification Method,Taxonomy Notes,Collectors,Collection Date,Country/Ocean,State/Province,Region,Sector,Exact Site,Lat,Lon,Elev,Depth,Elevation Precision,Depth Precision,GPS Source,Coordinate Accuracy,Event Time,Collection Date Accuracy,Habitat,Sampling Protocol,Collection Notes,Site Code,Collection Event ID
NBPSI,NBPSI293-13,Bk06_COIF,Bk06_COIF,BOLD:ACJ5631,,609[0n],,,0[n],,,,No,,,,,Stegopterna emergens,,,,Royal Ontario Museum,,Arthropoda,Insecta,Diptera,Simuliidae,Simuliinae,,Stegopterna,Stegopterna emergens,,Patrick Schaefer,patrick.schaefer@utoronto.ca,,,"D. Currie, P. Schaefer,  A. Solecki, J. Aker",23-Jun-10,Canada,Ontario,,,Moosonee,51.278,-80.648,,,,,,,,,,,,,
NBPSI,NBPSI294-13,Bk06_COIF(2),Bk06_COIF(2),BOLD:ACJ5631,,609[0n],,,450[3n],,,,No,,,,,Stegopterna emergens,,,,Royal Ontario Museum,,Arthropoda,Insecta,Diptera,Simuliidae,Simuliinae,,Stegopterna,Stegopterna emergens,,Patrick Schaefer,patrick.schaefer@utoronto.ca,,,"D. Currie, P. Schaefer,  A. Solecki, J. Aker",23-Jun-10,Canada,Ontario,,,Moosonee,51.283,-80.639,,,,,,,,,,,,,
NBPSI,NBPSI299-13,BK13_COIF(2),BK13_COIF(2),BOLD:ACJ5631,,609[0n],,,561[4n],,,,No,,,,,Stegopterna emergens,,,,Royal Ontario Museum,,Arthropoda,Insecta,Diptera,Simuliidae,Simuliinae,,Stegopterna,Stegopterna emergens,,Patrick Schaefer,patrick.schaefer@utoronto.ca,,,"D. Currie, P. Schaefer,  A. Solecki, J. Aker",16-Jun-10,Canada,Ontario,,,Moosonee,51.283,-80.639,,,,,,,,,,,,,
NBPSI,NBPSI300-13,BK17_COIF,BK17_COIF,BOLD:ACJ5631,,609[0n],,,561[10n],,,,No,,,,,Stegopterna emergens,,,,Royal Ontario Museum,,Arthropoda,Insecta,Diptera,Simuliidae,Simuliinae,,Stegopterna,Stegopterna emergens,,Patrick Schaefer,patrick.schaefer@utoronto.ca,,,"D. Currie, P. Schaefer,  A. Solecki, J. Aker",16-Jun-10,Canada,Ontario,,,Moosonee,51.283,-80.639,,,,,,,,,,,,,
NBPSI,NBPSI306-13,CB06_COIF,CB06_COIF,BOLD:ACJ5631,,609[0n],,,561[0n],,,,No,,,,,Stegopterna emergens,,,,Royal Ontario Museum,,Arthropoda,Insecta,Diptera,Simuliidae,Simuliinae,,Stegopterna,Stegopterna emergens,,Patrick Schaefer,patrick.schaefer@utoronto.ca,,,"D. Currie, P. Schaefer,  A. Solecki, J. Aker",21-Jun-10,Canada,Ontario,,,Moosonee,51.245,-80.678,,,,,,,,,,,,,
NBPSI,NBPSI307-13,CB07_COIF,CB07_COIF,BOLD:ACJ5631,,609[0n],,,561[6n],,,,No,,,,,Stegopterna emergens,,,,Royal Ontario Museum,,Arthropoda,Insecta,Diptera,Simuliidae,Simuliinae,,Stegopterna,Stegopterna emergens,,Patrick Schaefer,patrick.schaefer@utoronto.ca,,,"D. Currie, P. Schaefer,  A. Solecki, J. Aker",21-Jun-10,Canada,Ontario,,,Moosonee,51.245,-80.678,,,,,,,,,,,,,
NBPSI,NBPSI310-13,CB11_COIF,CB11_COIF,BOLD:ACJ5631,,609[0n],,,561[0n],,,,No,,,,,Stegopterna emergens,,,,Royal Ontario Museum,,Arthropoda,Insecta,Diptera,Simuliidae,Simuliinae,,Stegopterna,Stegopterna emergens,,Patrick Schaefer,patrick.schaefer@utoronto.ca,,,"D. Currie, P. Schaefer,  A. Solecki, J. Aker",02-Jul-10,Canada,Manitoba,Churchill,,Churchill,58.73,-93.795,,,,,,,,,,,,,
NBPSI,NBPSI311-13,CB12_COIF,CB12_COIF,BOLD:ACJ5631,,609[0n],,,561[1n],,,,No,,,,,Stegopterna emergens,,,,Royal Ontario Museum,,Arthropoda,Insecta,Diptera,Simuliidae,Simuliinae,,Stegopterna,Stegopterna emergens,,Patrick Schaefer,patrick.schaefer@utoronto.ca,,,"D. Currie, P. Schaefer,  A. Solecki, J. Aker",09-Jul-10,Canada,Manitoba,Churchill,,Churchill,58.657,-93.831,,,,,,,,,,,,,
NBPSI,NBPSI312-13,CB15_COIF,CB15_COIF,BOLD:ACJ5631,,609[0n],,,561[0n],,,,No,,,,,Stegopterna emergens,,,,Royal Ontario Museum,,Arthropoda,Insecta,Diptera,Simuliidae,Simuliinae,,Stegopterna,Stegopterna emergens,,Patrick Schaefer,patrick.schaefer@utoronto.ca,,,"C. Buddle, S. Loboda, M. Blair, C. Roussel",15-Jun-10,Canada,Newfoundland and Labrador,,,Goose Bay,53.212,-60.4506,,,,,,,,,,,,,
NBPSI,NBPSI313-13,CB16_COIF,CB16_COIF,BOLD:ACJ5631,,609[0n],,,561[0n],,,,No,,,,,Stegopterna emergens,,,,Royal Ontario Museum,,Arthropoda,Insecta,Diptera,Simuliidae,Simuliinae,,Stegopterna,Stegopterna emergens,,Patrick Schaefer,patrick.schaefer@utoronto.ca,,,"C. Buddle, S. Loboda, M. Blair, C. Roussel",18-Jun-10,Canada,Newfoundland and Labrador,,,Goose Bay,53.2141,-60.4504,,,,,,,,,,,,,
NBPSI,NBPSI314-13,CB17_COIF,CB17_COIF,BOLD:ACJ5631,,609[0n],,,561[0n],,,,No,,,,,Stegopterna emergens,,,,Royal Ontario Museum,,Arthropoda,Insecta,Diptera,Simuliidae,Simuliinae,,Stegopterna,Stegopterna emergens,,Patrick Schaefer,patrick.schaefer@utoronto.ca,,,"D. Giberson, S. Loboda, M. Blair, C. Roussel",06-Jul-10,Canada,Quebec,,,Schefferville,54.7597,-66.7112,,,,,,,,,,,,,
NBPSI,NBPSI315-13,CB19_COIF,CB19_COIF,BOLD:ACJ5631,,609[0n],,,561[0n],,,,No,,,,,Stegopterna emergens,,,,Royal Ontario Museum,,Arthropoda,Insecta,Diptera,Simuliidae,Simuliinae,,Stegopterna,Stegopterna emergens,,Patrick Schaefer,patrick.schaefer@utoronto.ca,,,"D. Giberson, S. Loboda, M. Blair, C. Roussel",03-Jul-10,Canada,Quebec,,,Schefferville,54.9041,-67.1489,,,,,,,,,,,,,
NBPSI,NBPSI316-13,CB19_COIF(2),CB19_COIF(2),BOLD:ACJ5631,,609[0n],,,0[n],,,,No,,,,,Stegopterna emergens,,,,Royal Ontario Museum,,Arthropoda,Insecta,Diptera,Simuliidae,Simuliinae,,Stegopterna,Stegopterna emergens,,Patrick Schaefer,patrick.schaefer@utoronto.ca,,,"D. Currie, P. Schaefer",03-Jul-10,Canada,Manitoba,Churchill,,Churchill,58.729,-93.783,,,,,,,,,,,,,
NBPSI,NBPSI317-13,CB20_COIF(2),CB20_COIF(2),BOLD:ACJ5631,,609[0n],,,561[2n],,,,No,,,,,Stegopterna emergens,,,,Royal Ontario Museum,,Arthropoda,Insecta,Diptera,Simuliidae,Simuliinae,,Stegopterna,Stegopterna emergens,,Patrick Schaefer,patrick.schaefer@utoronto.ca,,,"D. Currie, P. Schaefer",03-Jul-10,Canada,Manitoba,Churchill,,Churchill,58.729,-93.783,,,,,,,,,,,,,
NBPSI,NBPSI163-11,Ch_Sisil_01,Ch_Sisil_01,BOLD:AAA4264,,658[0n],4,,0[n],,,1,Yes,,,,13-Jul-10,Simulium venustum complex,A,9-13 vii 2010,,Royal Ontario Museum,,Arthropoda,Insecta,Diptera,Simuliidae,Simuliinae,Simuliini,Simulium,Simulium venustum complex,,Patrick Schaefer,patrick.schaefer@utoronto.ca,,,"D. Currie, P. Schaefer",03-Jul-10,Canada,Manitoba,Churchill,,Churchill,58.729,-93.783,,,,,,,,,,,,,
NBPSI,NBPSI164-11,Ch_Sisil_02,Ch_Sisil_02,BOLD:AAA8323,,658[0n],4,,0[n],,,1,Yes,,,,13-Jul-10,Simulium silvestre,A,9-13 vii 2010,,Royal Ontario Museum,,Arthropoda,Insecta,Diptera,Simuliidae,Simuliinae,Simuliini,Simulium,Simulium silvestre,,Patrick Schaefer,patrick.schaefer@utoronto.ca,,,"D. Currie, P. Schaefer",07-Jul-10,Canada,Manitoba,Churchill,,Churchill,58.731,-93.799,,,,,,,,,,,,,
NBPSI,NBPSI025-11,Chu_Cndac_01,,BOLD:ABY5780,ROM:2010272:P.Schaefer:Chu_Cndac_01,658[0n],2,,0[n],,,1,Yes,,,,03-Jul-10,Cnephia dacotensis,I,,,Royal Ontario Museum,,Arthropoda,Insecta,Diptera,Simuliidae,Simuliinae,,Cnephia,Cnephia dacotensis,,Patrick Schaefer,patrick.schaefer@utoronto.ca,,,"D. Currie, P. Schaefer",03-Jul-10,Canada,Manitoba,Churchill,,Churchill,58.731,-93.799,,,,,,,,,,,,,
NBPSI,NBPSI026-11,Chu_Cndac_02,,BOLD:AAA8065,ROM:2010272:P.Schaefer:Chu_Cndac_02,658[0n],2,,0[n],,,1,Yes,,,,03-Jul-10,Cnephia dacotensis,I,,,Royal Ontario Museum,,Arthropoda,Insecta,Diptera,Simuliidae,Simuliinae,,Cnephia,Cnephia dacotensis,,Patrick Schaefer,patrick.schaefer@utoronto.ca,,,"D. Currie, P. Schaefer",04-Jul-10,Canada,Manitoba,Churchill,,Churchill,58.705,-94.131,,,,,,,,,,,,,
NBPSI,NBPSI027-11,Chu_Cndac_03,,BOLD:AAA8065,ROM:2010272:P.Schaefer:Chu_Cndac_03,658[0n],2,,0[n],,,1,Yes,,,,03-Jul-10,Cnephia dacotensis,I,,,Royal Ontario Museum,,Arthropoda,Insecta,Diptera,Simuliidae,Simuliinae,,Cnephia,Cnephia dacotensis,,Patrick Schaefer,patrick.schaefer@utoronto.ca,,test,"D. Currie, P. Schaefer",11-Jul-10,Canada,Manitoba,Churchill,,Churchill,58.749,-93.902,,,,,,,,,,,,,
NBPSI,NBPSI122-11,Chu_Hegib_01,Chu_Hegib_01,BOLD:AAB0333,,658[0n],4,,0[n],,,1,Yes,,,,13-Jul-10,Helodon gibsoni,A,9-13 vii 2010,,Royal Ontario Museum,,Arthropoda,Insecta,Diptera,Simuliidae,Simuliinae,,Helodon,Helodon gibsoni,,Patrick Schaefer,patrick.schaefer@utoronto.ca,,,"D. Currie, P. Schaefer",11-Jul-10,Canada,Manitoba,Churchill,,Churchill,58.749,-93.902,,,,,,,,,,,,,
NBPSI,NBPSI160-11,Chu_Siana_01,Chu_Siana_01,BOLD:AAE8842,,658[0n],4,,0[n],,,1,Yes,,,,09-Jul-10,Simulium anatinum,A,5-9 vii 2010,,Royal Ontario Museum,,Arthropoda,Insecta,Diptera,Simuliidae,Simuliinae,Simuliini,Simulium,Simulium anatinum,,Patrick Schaefer,patrick.schaefer@utoronto.ca,,,"D. Currie, P. Schaefer",11-Jul-10,Canada,Manitoba,Churchill,,Churchill,58.749,-93.902,,,,,,,,,,,,,
NBPSI,NBPSI161-11,Chu_Siana_02,Chu_Siana_02,BOLD:AAE8842,,658[0n],4,,0[n],,,1,Yes,,,,09-Jul-10,Simulium anatinum,A,5-9 vii 2010,,Royal Ontario Museum,,Arthropoda,Insecta,Diptera,Simuliidae,Simuliinae,Simuliini,Simulium,Simulium anatinum,,Patrick Schaefer,patrick.schaefer@utoronto.ca,,,"D. Currie, P. Schaefer",02-Jul-10,Canada,Manitoba,Churchill,,Churchill,58.731,-93.78,,,,,,,,,,,,,
NBPSI,NBPSI162-11,Chu_Siana_03,Chu_Siana_03,BOLD:AAE8832,,658[0n],4,,0[n],,,1,Yes,,,,09-Jul-10,Simulium excisum,A,5-9 vii 2010,,Royal Ontario Museum,,Arthropoda,Insecta,Diptera,Simuliidae,Simuliinae,Simuliini,Simulium,Simulium excisum,,Patrick Schaefer,patrick.schaefer@utoronto.ca,,,"D. Currie, P. Schaefer",03-Jul-10,Canada,Manitoba,Churchill,,Churchill,58.729,-93.783,,,,,,,,,,,,,
NBPSI,NBPSI159-11,Chu_Sianu_01,Chu_Sianu_01,BOLD:AAA9630,,658[0n],4,,0[n],,,1,Yes,,,,13-Jul-10,Metacnephia saileri,A,9-13 vii 2010,,Royal Ontario Museum,,Arthropoda,Insecta,Diptera,Simuliidae,Simuliinae,Simuliini,Metacnephia,Metacnephia saileri,,Patrick Schaefer,patrick.schaefer@utoronto.ca,,,"D. Currie, P. Schaefer",03-Jul-10,Canada,Manitoba,Churchill,,Churchill,58.729,-93.783,,,,,,,,,,,,,
NBPSI,NBPSI031-11,Chu_Sicon_01,,BOLD:AAL8152,ROM:2010278:P.Schaefer:Chu_Sicon_01,658[0n],2,,0[n],,,1,Yes,,,,11-Jul-10,Simulium congareenarum,I,,,Royal Ontario Museum,,Arthropoda,Insecta,Diptera,Simuliidae,Simuliinae,Simuliini,Simulium,Simulium congareenarum,,Patrick Schaefer,patrick.schaefer@utoronto.ca,,,"D. Currie, P. Schaefer",02-Jul-10,Canada,Manitoba,Churchill,,Churchill,58.731,-93.78,,,,,,,,,,,,,
NBPSI,NBPSI032-11,Chu_Sicon_02,,BOLD:AAL8152,ROM:2010278:P.Schaefer:Chu_Sicon_02,658[0n],2,,0[n],,,1,Yes,,,,11-Jul-10,Simulium congareenarum,I,,,Royal Ontario Museum,,Arthropoda,Insecta,Diptera,Simuliidae,Simuliinae,Simuliini,Simulium,Simulium congareenarum,,Patrick Schaefer,patrick.schaefer@utoronto.ca,,,"D. Currie, P. Schaefer",12-Jul-10,Canada,Manitoba,Churchill,,Churchill,58.661,-94.165,,,,,,,,,,,,,
NBPSI,NBPSI033-11,Chu_Sicon_03,,BOLD:AAL8152,ROM:2010278:P.Schaefer:Chu_Sicon_03,658[0n],2,,0[n],,,1,Yes,,,,11-Jul-10,Simulium congareenarum,I,,,Royal Ontario Museum,,Arthropoda,Insecta,Diptera,Simuliidae,Simuliinae,Simuliini,Simulium,Simulium congareenarum,,Patrick Schaefer,patrick.schaefer@utoronto.ca,,,"D. Currie, P. Schaefer",12-Jul-10,Canada,Manitoba,Churchill,,Churchill,58.731,-93.78,,,,,,,,,,,,,
NBPSI,NBPSI046-11,Chu_Sicra_01,,BOLD:ABX4941,ROM:2010270:P.Schaefer:Chu_Sicra_01,658[0n],2,,0[n],,,1,Yes,,,,02-Jul-10,Simulium craigi,I,,,Royal Ontario Museum,,Arthropoda,Insecta,Diptera,Simuliidae,Simuliinae,Simuliini,Simulium,Simulium craigi,,Patrick Schaefer,patrick.schaefer@utoronto.ca,,,"D. Currie, P. Schaefer",12-Jul-10,Canada,Manitoba,Churchill,,Churchill,58.731,-93.78,,,,,,,,,,,,,
NBPSI,NBPSI047-11,Chu_Sicra_02,,BOLD:ABX4941,ROM:2010270:P.Schaefer:Chu_Sicra_02,658[0n],2,,0[n],,,1,Yes,,,,02-Jul-10,Simulium craigi,I,,,Royal Ontario Museum,,Arthropoda,Insecta,Diptera,Simuliidae,Simuliinae,Simuliini,Simulium,Simulium craigi,,Patrick Schaefer,patrick.schaefer@utoronto.ca,,,"D. Currie, P. Schaefer",02-Jul-10,Canada,Manitoba,Churchill,,Churchill,58.731,-93.78,,,,,,,,,,,,,
NBPSI,NBPSI048-11,Chu_Sicra_03,,BOLD:ABX4941,ROM:2010270:P.Schaefer:Chu_Sicra_03,658[0n],2,,0[n],,,1,Yes,,,,02-Jul-10,Simulium craigi,I,,,Royal Ontario Museum,,Arthropoda,Insecta,Diptera,Simuliidae,Simuliinae,Simuliini,Simulium,Simulium craigi,,Patrick Schaefer,patrick.schaefer@utoronto.ca,,,"D. Currie, P. Schaefer",02-Jul-10,Canada,Manitoba,Churchill,,Churchill,58.731,-93.78,,,,,,,,,,,,,
NBPSI,NBPSI028-11,Chu_Siexu_01,,BOLD:AAB1114,ROM:2010273:P.Schaefer:Chu_Siexu_01,658[0n],2,,0[n],,,1,Yes,,,,07-Jul-10,Simulium exulatum,I,,,Royal Ontario Museum,,Arthropoda,Insecta,Diptera,Simuliidae,Simuliinae,Simuliini,Simulium,Simulium exulatum,,Patrick Schaefer,patrick.schaefer@utoronto.ca,,,"D. Currie, P. Schaefer",02-Jul-10,Canada,Manitoba,Churchill,,Churchill,58.731,-93.78,,,,,,,,,,,,,
NBPSI,NBPSI029-11,Chu_Siexu_02,,BOLD:AAB1114,ROM:2010274:P.Schaefer:Chu_Siexu_02,658[0n],2,,0[n],,,1,Yes,,,,03-Jul-10,Simulium exulatum,I,,,Royal Ontario Museum,,Arthropoda,Insecta,Diptera,Simuliidae,Simuliinae,Simuliini,Simulium,Simulium exulatum,,Patrick Schaefer,patrick.schaefer@utoronto.ca,,,"D. Currie, P. Schaefer",02-Jul-10,Canada,Manitoba,Churchill,,Churchill,58.731,-93.78,,,,,,,,,,,,,
NBPSI,NBPSI030-11,Chu_Siexu_03,,BOLD:AAB1114,ROM:2010275:P.Schaefer:Chu_Siexu_03,658[0n],2,,0[n],,,1,Yes,,,,04-Jul-10,Simulium exulatum,I,,,Royal Ontario Museum,,Arthropoda,Insecta,Diptera,Simuliidae,Simuliinae,Simuliini,Simulium,Simulium exulatum,,Patrick Schaefer,patrick.schaefer@utoronto.ca,,,"D. Currie, P. Schaefer",02-Jul-10,Canada,Manitoba,Churchill,,Churchill,58.731,-93.78,,,,,,,,,,,,,
NBPSI,NBPSI158-11,Chu_Sifio_01,Chu_Sifio_01,,,658[0n],4,,0[n],,,1,Yes,,,Yes,09-Jul-10,Simulium fionae,A,5-9 vii 2010,,Royal Ontario Museum,,Arthropoda,Insecta,Diptera,Simuliidae,Simuliinae,Simuliini,Simulium,Simulium fionae,,Patrick Schaefer,patrick.schaefer@utoronto.ca,,,"D. Currie, P. Schaefer",02-Jul-10,Canada,Manitoba,Churchill,,Churchill,58.731,-93.78,,,,,,,,,,,,,
NBPSI,NBPSI050-11,Chu_SiNev_01,,BOLD:AAB1115,ROM:2010269:P.Schaefer:Chu_SiNev_01,658[0n],2,,0[n],,,1,Yes,,,,12-Jul-10,Simulium violator,I,,,Royal Ontario Museum,,Arthropoda,Insecta,Diptera,Simuliidae,Simuliinae,Simuliini,Simulium,Simulium violator,,Patrick Schaefer,patrick.schaefer@utoronto.ca,,,"D. Currie, P. Schaefer",02-Jul-10,Canada,Manitoba,Churchill,,Churchill,58.731,-93.78,,,,,,,,,,,,,
NBPSI,NBPSI034-11,Chu_Sinoe_01,,BOLD:ACZ4859,ROM:2010270:P.Schaefer:Chu_Sinoe_01,658[0n],2,,0[n],,,1,Yes,,,,02-Jul-10,Simulium decorum,I,,,Royal Ontario Museum,,Arthropoda,Insecta,Diptera,Simuliidae,Simuliinae,Simuliini,Simulium,Simulium decorum,,Patrick Schaefer,patrick.schaefer@utoronto.ca,,,"D. Currie, P. Schaefer",02-Jul-10,Canada,Manitoba,Churchill,,Churchill,58.731,-93.78,,,,,,,,,,,,,
NBPSI,NBPSI035-11,Chu_Sinoe_02,,BOLD:ACZ4859,ROM:2010272:P.Schaefer:Chu_Sinoe_02,658[0n],2,,0[n],,,1,Yes,,,,03-Jul-10,Simulium decorum,I,,,Royal Ontario Museum,,Arthropoda,Insecta,Diptera,Simuliidae,Simuliinae,Simuliini,Simulium,Simulium decorum,,Patrick Schaefer,patrick.schaefer@utoronto.ca,,,"D. Currie, P. Schaefer",02-Jul-10,Canada,Manitoba,Churchill,,Churchill,58.731,-93.78,,,,,,,,,,,,,
NBPSI,NBPSI036-11,Chu_Sinoe_03,,BOLD:ACZ4859,ROM:2010272:P.Schaefer:Chu_Sinoe_03,658[0n],2,,0[n],,,1,Yes,,,,03-Jul-10,Simulium decorum,I,,,Royal Ontario Museum,,Arthropoda,Insecta,Diptera,Simuliidae,Simuliinae,Simuliini,Simulium,Simulium decorum,,Patrick Schaefer,patrick.schaefer@utoronto.ca,,,"D. Currie, P. Schaefer",12-Jul-10,Canada,Manitoba,Churchill,,Churchill,58.661,-94.165,,,,,,,,,,,,,
NBPSI,NBPSI037-11,Chu_Sinoe_04,,BOLD:ACZ4859,ROM:2010270:P.Schaefer:Chu_Sinoe_04,658[0n],2,,0[n],,,1,Yes,,,,02-Jul-10,Simulium decorum,I,,,Royal Ontario Museum,,Arthropoda,Insecta,Diptera,Simuliidae,Simuliinae,Simuliini,Simulium,Simulium decorum,,Patrick Schaefer,patrick.schaefer@utoronto.ca,,,"D. Currie, P. Schaefer",24-Jun-10,Canada,Ontario,,,Moosonee,51.2664,-80.6569,,,,,,,,,,,,,
NBPSI,NBPSI049-11,Chu_Sisil_01,,BOLD:AAA8323,ROM:2010270:P.Schaefer:Chu_Sisil_01,658[0n],2,,0[n],,,1,Yes,,,,02-Jul-10,Simulium silvestre,I,,,Royal Ontario Museum,,Arthropoda,Insecta,Diptera,Simuliidae,Simuliinae,Simuliini,Simulium,Simulium silvestre,,Patrick Schaefer,patrick.schaefer@utoronto.ca,,,"D. Currie, P. Schaefer",24-Jun-10,Canada,Ontario,,,Moosonee,51.2664,-80.6569,,,,,,,,,,,,,
NBPSI,NBPSI041-11,Chu_Situb_01,,BOLD:AAA8326,ROM:2010270:P.Schaefer:Chu_Situb_01,658[0n],2,,0[n],,,1,Yes,,,,02-Jul-10,Simulium tuberosum complex,I,,,Royal Ontario Museum,,Arthropoda,Insecta,Diptera,Simuliidae,Simuliinae,Simuliini,Simulium,Simulium tuberosum complex,,Patrick Schaefer,patrick.schaefer@utoronto.ca,,,"D. Currie, P. Schaefer",24-Jun-10,Canada,Ontario,,,Moosonee,51.2664,-80.6569,,,,,,,,,,,,,
NBPSI,NBPSI042-11,Chu_Situb_02,,BOLD:AAA8326,ROM:2010270:P.Schaefer:Chu_Situb_02,622[0n],2,,0[n],,,1,Yes,,,,02-Jul-10,Simulium tuberosum complex,I,,,Royal Ontario Museum,,Arthropoda,Insecta,Diptera,Simuliidae,Simuliinae,Simuliini,Simulium,Simulium tuberosum complex,,Patrick Schaefer,patrick.schaefer@utoronto.ca,,,"D. Currie, P. Schaefer",24-Jun-10,Canada,Ontario,,,Moosonee,51.2447,-80.6777,,,,,,,,,,,,,
NBPSI,NBPSI043-11,Chu_Situb_03,,BOLD:AAA8326,ROM:2010270:P.Schaefer:Chu_Situb_03,658[0n],2,,0[n],,,1,Yes,,,,02-Jul-10,Simulium tuberosum complex,I,,,Royal Ontario Museum,,Arthropoda,Insecta,Diptera,Simuliidae,Simuliinae,Simuliini,Simulium,Simulium tuberosum complex,,Patrick Schaefer,patrick.schaefer@utoronto.ca,,,"D. Currie, P. Schaefer",24-Jun-10,Canada,Ontario,,,Moosonee,51.2447,-80.6777,,,,,,,,,,,,,
NBPSI,NBPSI044-11,Chu_Situb_04,,BOLD:AAA8326,ROM:2010270:P.Schaefer:Chu_Situb_04,658[0n],2,,0[n],,,1,Yes,,,,02-Jul-10,Simulium tuberosum complex,I,,,Royal Ontario Museum,,Arthropoda,Insecta,Diptera,Simuliidae,Simuliinae,Simuliini,Simulium,Simulium tuberosum complex,,Patrick Schaefer,patrick.schaefer@utoronto.ca,,,"D. Currie, P. Schaefer",24-Jun-10,Canada,Ontario,,,Moosonee,51.2447,-80.6777,,,,,,,,,,,,,
NBPSI,NBPSI045-11,Chu_Situb_05,,BOLD:AAA8326,ROM:2010270:P.Schaefer:Chu_Situb_05,658[0n],2,,0[n],,,1,Yes,,,,02-Jul-10,Simulium tuberosum complex,I,,,Royal Ontario Museum,,Arthropoda,Insecta,Diptera,Simuliidae,Simuliinae,Simuliini,Simulium,Simulium tuberosum complex,,Patrick Schaefer,patrick.schaefer@utoronto.ca,,,"D. Currie, P. Schaefer",26-Jun-10,Canada,Ontario,,,Moosonee,51.2469,-80.681,,,,,,,,,,,,,
NBPSI,NBPSI155-11,Chu_Sivam_01,Chu_Sivam_01,BOLD:AAA8954,,658[0n],4,,0[n],,,1,Yes,,,,13-Jul-10,Simulium arcticum complex,A,9-13 vii 2010,,Royal Ontario Museum,::taxonomy:vampirum?::endTaxonomy:,Arthropoda,Insecta,Diptera,Simuliidae,Simuliinae,Simuliini,Simulium,Simulium arcticum complex,,Patrick Schaefer,patrick.schaefer@utoronto.ca,,vampirum?,"D. Currie, P. Schaefer",26-Jun-10,Canada,Ontario,,,Moosonee,51.2469,-80.681,,,,,,,,,,,,,
NBPSI,NBPSI156-11,Chu_Sivam_02,Chu_Sivam_02,BOLD:AAA8954,,658[0n],4,,0[n],,,1,Yes,,,,13-Jul-10,Simulium arcticum complex,A,9-13 vii 2010,,Royal Ontario Museum,::taxonomy:vampirum?::endTaxonomy:,Arthropoda,Insecta,Diptera,Simuliidae,Simuliinae,Simuliini,Simulium,Simulium arcticum complex,,Patrick Schaefer,patrick.schaefer@utoronto.ca,,vampirum?,"D. Currie, P. Schaefer",26-Jun-10,Canada,Ontario,,,Moosonee,51.2469,-80.681,,,,,,,,,,,,,
NBPSI,NBPSI157-11,Chu_Sivam_03,Chu_Sivam_03,BOLD:AAA8954,,658[0n],4,,0[n],,,1,Yes,,,,13-Jul-10,Simulium arcticum complex,A,9-13 vii 2010,,Royal Ontario Museum,::taxonomy:vampirum?::endTaxonomy:,Arthropoda,Insecta,Diptera,Simuliidae,Simuliinae,Simuliini,Simulium,Simulium arcticum complex,,Patrick Schaefer,patrick.schaefer@utoronto.ca,,vampirum?,"D. Currie, P. Schaefer",21-Jun-10,Canada,Ontario,,,Moosonee,51.2777,-80.6478,,,,,,,,,,,,,
NBPSI,NBPSI038-11,Chu_Sivio_01,,BOLD:AAB1115,ROM:2010269:P.Schaefer:Chu_Sivio_01,658[0n],2,,0[n],,,1,Yes,,,,12-Jul-10,Simulium violator,I,,,Royal Ontario Museum,,Arthropoda,Insecta,Diptera,Simuliidae,Simuliinae,Simuliini,Simulium,Simulium violator,,Patrick Schaefer,patrick.schaefer@utoronto.ca,,,"D. Currie, P. Schaefer",24-Jun-10,Canada,Ontario,,,Moosonee,51.2447,-80.6777,,,,,,,,,,,,,
NBPSI,NBPSI039-11,Chu_Sivio_02,,BOLD:AAB1115,ROM:2010271:P.Schaefer:Chu_Sivio_02,658[0n],2,,0[n],,,1,Yes,,,,12-Jul-10,Simulium violator,I,,,Royal Ontario Museum,,Arthropoda,Insecta,Diptera,Simuliidae,Simuliinae,Simuliini,Simulium,Simulium violator,,Patrick Schaefer,patrick.schaefer@utoronto.ca,,,"D. Currie, P. Schaefer",24-Jun-10,Canada,Ontario,,,Moosonee,51.2447,-80.6777,,,,,,,,,,,,,
NBPSI,NBPSI040-11,Chu_Sivio_03,,BOLD:AAB1115,ROM:2010271:P.Schaefer:Chu_Sivio_03,658[0n],2,,0[n],,,1,Yes,,,,12-Jul-10,Simulium violator,I,,,Royal Ontario Museum,,Arthropoda,Insecta,Diptera,Simuliidae,Simuliinae,Simuliini,Simulium,Simulium violator,,Patrick Schaefer,patrick.schaefer@utoronto.ca,,,"D. Currie, P. Schaefer",21-Jun-10,Canada,Ontario,,,Moosonee,51.2777,-80.6478,,,,,,,,,,,,,
NBPSI,NBPSI123-11,Goo_Simur_01,Goo_Simur_01,BOLD:AAB5899,,658[0n],4,,0[n],,,1,Yes,,,,17-Jun-10,Simulium murmanum,I,17 vi 2010,,Royal Ontario Museum,,Arthropoda,Insecta,Diptera,Simuliidae,Simuliinae,Simuliini,Simulium,Simulium murmanum,,Patrick Schaefer,patrick.schaefer@utoronto.ca,,,"D. Currie, P. Schaefer",21-Jun-10,Canada,Ontario,,,Moosonee,51.2777,-80.6478,,,,,,,,,,,,,
NBPSI,NBPSI124-11,Goo_Simur_02,Goo_Simur_02,BOLD:AAB5899,,658[0n],4,,0[n],,,1,Yes,,,,17-Jun-10,Simulium murmanum,I,17 vi 2010,,Royal Ontario Museum,,Arthropoda,Insecta,Diptera,Simuliidae,Simuliinae,Simuliini,Simulium,Simulium murmanum,,Patrick Schaefer,patrick.schaefer@utoronto.ca,,,"D. Currie, P. Schaefer",21-Jun-10,Canada,Ontario,,,Moosonee,51.2462,-80.6728,,,,,,,,,,,,,
NBPSI,NBPSI125-11,Goo_Simur_03,Goo_Simur_03,BOLD:AAB5899,,658[0n],4,,0[n],,,1,Yes,,,,17-Jun-10,Simulium murmanum,I,17 vi 2010,,Royal Ontario Museum,,Arthropoda,Insecta,Diptera,Simuliidae,Simuliinae,Simuliini,Simulium,Simulium murmanum,,Patrick Schaefer,patrick.schaefer@utoronto.ca,,,"D. Currie, P. Schaefer",24-Jun-10,Canada,Ontario,,,Moosonee,51.2447,-80.6777,,,,,,,,,,,,,
NBPSI,NBPSI126-11,Goo_Simur_04,Goo_Simur_04,BOLD:AAB5899,,658[0n],4,,0[n],,,1,Yes,,,,17-Jun-10,Simulium murmanum,I,17 vi 2010,,Royal Ontario Museum,,Arthropoda,Insecta,Diptera,Simuliidae,Simuliinae,Simuliini,Simulium,Simulium murmanum,,Patrick Schaefer,patrick.schaefer@utoronto.ca,,,"D. Currie, P. Schaefer",18-Jun-10,Canada,Ontario,,,Moosonee,51.2803,-80.6425,,,,,,,,,,,,,
NBPSI,NBPSI127-11,Goo_Simur_05,Goo_Simur_05,BOLD:AAB5899,,658[0n],4,,0[n],,,1,Yes,,,,17-Jun-10,Simulium murmanum,I,17 vi 2010,,Royal Ontario Museum,,Arthropoda,Insecta,Diptera,Simuliidae,Simuliinae,Simuliini,Simulium,Simulium murmanum,,Patrick Schaefer,patrick.schaefer@utoronto.ca,,,"C. Buddle, S. Loboda, M. Blair, C. Roussel",18-Jun-10,Canada,Newfoundland and Labrador,,,Goose Bay,53.2305,-60.4554,,,,,,,,,,,,,
NBPSI,NBPSI114-11,Goo_Sisil_01,Goo_Sisil_01,BOLD:AAA8323,,658[0n],4,,0[n],,,1,Yes,,,,18-Jun-10,Simulium silvestre,I,18 vi 2010,,Royal Ontario Museum,,Arthropoda,Insecta,Diptera,Simuliidae,Simuliinae,Simuliini,Simulium,Simulium silvestre,,Patrick Schaefer,patrick.schaefer@utoronto.ca,,,"C. Buddle, S. Loboda, M. Blair, C. Roussel",18-Jun-10,Canada,Newfoundland and Labrador,,,Goose Bay,53.2305,-60.4554,,,,,,,,,,,,,
NBPSI,NBPSI115-11,Goo_Sisil_02,Goo_Sisil_02,BOLD:AAA8323,,658[0n],4,,0[n],,,1,Yes,,,,18-Jun-10,Simulium silvestre,I,18 vi 2010,,Royal Ontario Museum,,Arthropoda,Insecta,Diptera,Simuliidae,Simuliinae,Simuliini,Simulium,Simulium silvestre,,Patrick Schaefer,patrick.schaefer@utoronto.ca,,,"C. Buddle, S. Loboda, M. Blair, C. Roussel",18-Jun-10,Canada,Newfoundland and Labrador,,,Goose Bay,53.2305,-60.4554,,,,,,,,,,,,,
NBPSI,NBPSI116-11,Goo_Sisil_03,Goo_Sisil_03,BOLD:AAA8323,,658[0n],4,,0[n],,,1,Yes,,,,18-Jun-10,Simulium silvestre,I,18 vi 2010,,Royal Ontario Museum,,Arthropoda,Insecta,Diptera,Simuliidae,Simuliinae,Simuliini,Simulium,Simulium silvestre,,Patrick Schaefer,patrick.schaefer@utoronto.ca,,,"C. Buddle, S. Loboda, M. Blair, C. Roussel",17-Jun-10,Canada,Newfoundland and Labrador,,,Goose Bay,53.5499,-60.6882,,,,,,,,,,,,,
NBPSI,NBPSI117-11,Goo_Stdip_01,Goo_Stdip_01,BOLD:AAB7515,,658[0n],4,,0[n],,,1,Yes,,,,17-Jun-10,Stegopterna diplomutata/mutata,I,17 vi 2010,,Royal Ontario Museum,,Arthropoda,Insecta,Diptera,Simuliidae,Simuliinae,,Stegopterna,Stegopterna diplomutata/mutata,,Patrick Schaefer,patrick.schaefer@utoronto.ca,,,"C. Buddle, S. Loboda, M. Blair, C. Roussel",17-Jun-10,Canada,Newfoundland and Labrador,,,Goose Bay,53.5499,-60.6882,,,,,,,,,,,,,
NBPSI,NBPSI118-11,Goo_Stdip_02,Goo_Stdip_02,,,0[n],4,,0[n],,,1,No,,,,17-Jun-10,Stegopterna diplomutata/mutata,I,17 vi 2010,,Royal Ontario Museum,,Arthropoda,Insecta,Diptera,Simuliidae,Simuliinae,,Stegopterna,Stegopterna diplomutata/mutata,,Patrick Schaefer,patrick.schaefer@utoronto.ca,,,"C. Buddle, S. Loboda, M. Blair, C. Roussel",17-Jun-10,Canada,Newfoundland and Labrador,,,Goose Bay,53.5499,-60.6882,,,,,,,,,,,,,
NBPSI,NBPSI119-11,Goo_Stdip_03,Goo_Stdip_03,,,0[n],4,,0[n],,,1,No,,,,17-Jun-10,Stegopterna diplomutata/mutata,I,17 vi 2010,,Royal Ontario Museum,,Arthropoda,Insecta,Diptera,Simuliidae,Simuliinae,,Stegopterna,Stegopterna diplomutata/mutata,,Patrick Schaefer,patrick.schaefer@utoronto.ca,,,"C. Buddle, S. Loboda, M. Blair, C. Roussel",17-Jun-10,Canada,Newfoundland and Labrador,,,Goose Bay,53.5499,-60.6882,,,,,,,,,,,,,
NBPSI,NBPSI120-11,Goo_Stdip_04,Goo_Stdip_04,BOLD:ABY9842,,658[0n],4,,0[n],,,1,Yes,,,,17-Jun-10,Stegopterna diplomutata/mutata,I,17 vi 2010,,Royal Ontario Museum,,Arthropoda,Insecta,Diptera,Simuliidae,Simuliinae,,Stegopterna,Stegopterna diplomutata/mutata,,Patrick Schaefer,patrick.schaefer@utoronto.ca,,,"C. Buddle, S. Loboda, M. Blair, C. Roussel",17-Jun-10,Canada,Newfoundland and Labrador,,,Goose Bay,53.5499,-60.6882,,,,,,,,,,,,,
NBPSI,NBPSI121-11,Goo_Stdip_05,Goo_Stdip_05,BOLD:ABY9842,,658[0n],4,,0[n],,,1,Yes,,,,17-Jun-10,Stegopterna diplomutata/mutata,I,17 vi 2010,,Royal Ontario Museum,,Arthropoda,Insecta,Diptera,Simuliidae,Simuliinae,,Stegopterna,Stegopterna diplomutata/mutata,,Patrick Schaefer,patrick.schaefer@utoronto.ca,,,"D. Currie, P. Schaefer",13-Jul-10,Canada,Manitoba,Churchill,,Churchill,58.722,-93.84,,,,,,,,,,,,,
NBPSI,NBPSI318-13,IQ01_COIF,IQ01_COIF,BOLD:ACE4392,,609[0n],,,561[0n],,,,No,,,,,Stegopterna sp.,,,,Royal Ontario Museum,,Arthropoda,Insecta,Diptera,Simuliidae,Simuliinae,,Stegopterna,Stegopterna sp.,,Patrick Schaefer,patrick.schaefer@utoronto.ca,,,"C. Buddle, P. Schaefer,  A. Solecki, J. Aker",17-Jun-10,Canada,Newfoundland and Labrador,,,Goose Bay,53.5174,-60.6574,,,,,,,,,,,,,
NBPSI,NBPSI351-14,IQ02_COIF,IQ02_COIF,BOLD:ACE4392,,596[0n],,,562[0n],,,,No,,COII,,01-Jul-10,Stegopterna sp.,,,,Royal Ontario Museum,,Arthropoda,Insecta,Diptera,Simuliidae,Simuliinae,,Stegopterna,Stegopterna sp.,,P. Schaefer,patrick.schaefer@mail.utoronto.ca,,,"C. Buddle, P. Schaefer,  A. Solecki, J. Aker",17-Jun-10,Canada,Newfoundland and Labrador,,,Goose Bay,53.5174,-60.6574,,,,,,,,,,,,,
NBPSI,NBPSI319-13,IQ03_COIF,IQ03_COIF,BOLD:ACE4392,,609[0n],,,561[3n],,,,No,,,,,Stegopterna sp.,,,,Royal Ontario Museum,,Arthropoda,Insecta,Diptera,Simuliidae,Simuliinae,,Stegopterna,Stegopterna sp.,,Patrick Schaefer,patrick.schaefer@utoronto.ca,,,"C. Buddle, P. Schaefer,  A. Solecki, J. Aker",17-Jun-10,Canada,Newfoundland and Labrador,,,Goose Bay,53.5174,-60.6574,,,,,,,,,,,,,
NBPSI,NBPSI320-13,IQ04_COIF,IQ04_COIF,BOLD:ACE4392,,609[0n],,,561[5n],,,,No,,,,,Stegopterna sp.,,,,Royal Ontario Museum,,Arthropoda,Insecta,Diptera,Simuliidae,Simuliinae,,Stegopterna,Stegopterna sp.,,Patrick Schaefer,patrick.schaefer@utoronto.ca,,,"C. Buddle, P. Schaefer,  A. Solecki, J. Aker",17-Jun-10,Canada,Newfoundland and Labrador,,,Goose Bay,53.5174,-60.6574,,,,,,,,,,,,,
NBPSI,NBPSI321-13,IQ05_COIF,IQ05_COIF,BOLD:ACE4392,,609[0n],,,561[13n],,,,No,,,,,Stegopterna sp.,,,,Royal Ontario Museum,,Arthropoda,Insecta,Diptera,Simuliidae,Simuliinae,,Stegopterna,Stegopterna sp.,,Patrick Schaefer,patrick.schaefer@utoronto.ca,,,"C. Buddle, P. Schaefer,  A. Solecki, J. Aker",17-Jun-10,Canada,Newfoundland and Labrador,,,Goose Bay,53.5174,-60.6574,,,,,,,,,,,,,
NBPSI,NBPSI322-13,IQ06_COIF,IQ06_COIF,BOLD:ACE4392,,609[0n],,,561[6n],,,,No,,,,,Stegopterna sp.,,,,Royal Ontario Museum,,Arthropoda,Insecta,Diptera,Simuliidae,Simuliinae,,Stegopterna,Stegopterna sp.,,Patrick Schaefer,patrick.schaefer@utoronto.ca,,,"D. Giberson, S. Loboda, M. Blair, C. Roussel",29-Jul-10,Canada,Quebec,,,Schefferville,54.669,-66.6027,,,,,,,,,,,,,
NBPSI,NBPSI323-13,IQ07_COIF,IQ07_COIF,BOLD:ACE4392,,609[0n],,,561[5n],,,,No,,,,,Stegopterna sp.,,,,Royal Ontario Museum,,Arthropoda,Insecta,Diptera,Simuliidae,Simuliinae,,Stegopterna,Stegopterna sp.,,Patrick Schaefer,patrick.schaefer@utoronto.ca,,,"D. Giberson, S. Loboda, M. Blair, C. Roussel",29-Jul-10,Canada,Quebec,,,Schefferville,54.669,-66.6027,,,,,,,,,,,,,
NBPSI,NBPSI324-13,IQ09_COIF,IQ09_COIF,BOLD:ACE4392,,609[0n],,,561[1n],,,,No,,,,,Stegopterna sp.,,,,Royal Ontario Museum,,Arthropoda,Insecta,Diptera,Simuliidae,Simuliinae,,Stegopterna,Stegopterna sp.,,Patrick Schaefer,patrick.schaefer@utoronto.ca,,,"D. Giberson, S. Loboda, M. Blair, C. Roussel",29-Jul-10,Canada,Quebec,,,Schefferville,54.669,-66.6027,,,,,,,,,,,,,
NBPSI,NBPSI325-13,IQ10_COIF,IQ10_COIF,BOLD:ACE4392,,609[0n],,,561[2n],,,,No,,,,,Stegopterna sp.,,,,Royal Ontario Museum,,Arthropoda,Insecta,Diptera,Simuliidae,Simuliinae,,Stegopterna,Stegopterna sp.,,Patrick Schaefer,patrick.schaefer@utoronto.ca,,,"D. Giberson, S. Loboda, M. Blair, C. Roussel",03-Jul-10,Canada,Quebec,,,Schefferville,54.8652,-67.0194,,,,,,,,,,,,,
NBPSI,NBPSI170-11,Iqa_Gyhol_01,Iqa_Gyhol_01,BOLD:AAE6854,,658[0n],4,,0[n],,,1,Yes,,,,19-Jul-10,Gymnopais holopticoides,I,19 vii 2010.,,Royal Ontario Museum,,Arthropoda,Insecta,Diptera,Simuliidae,Simuliinae,,Gymnopais,Gymnopais holopticoides,,Patrick Schaefer,patrick.schaefer@utoronto.ca,,Previous ID: Gymnopias holopticoides,"D. Giberson, S. Loboda, M. Blair, C. Roussel",03-Jul-10,Canada,Quebec,,,Schefferville,54.8652,-67.0194,,,,,,,,,,,,,
NBPSI,NBPSI171-11,Iqa_Gyhol_02,Iqa_Gyhol_02,BOLD:AAE6854,,658[0n],4,,0[n],,,1,Yes,,,,19-Jul-10,Gymnopais holopticoides,I,19 vii 2010.,,Royal Ontario Museum,,Arthropoda,Insecta,Diptera,Simuliidae,Simuliinae,,Gymnopais,Gymnopais holopticoides,,Patrick Schaefer,patrick.schaefer@utoronto.ca,,Previous ID: Gymnopias holopticoides,"D. Giberson, S. Loboda, M. Blair, C. Roussel",03-Jul-10,Canada,Quebec,,,Schefferville,54.8652,-67.0194,,,,,,,,,,,,,
NBPSI,NBPSI172-11,Iqa_Gyhol_03,Iqa_Gyhol_03,BOLD:AAE6854,,658[0n],4,,0[n],,,1,Yes,,,,24-Jul-10,Gymnopais holopticoides,I,24 vii 2010,,Royal Ontario Museum,,Arthropoda,Insecta,Diptera,Simuliidae,Simuliinae,,Gymnopais,Gymnopais holopticoides,,Patrick Schaefer,patrick.schaefer@utoronto.ca,,Previous ID: Gymnopias holopticoides,"D. Giberson, S. Loboda, M. Blair, C. Roussel",07-Jul-10,Canada,Quebec,,,Schefferville,54.8072,-66.8029,,,,,,,,,,,,,
NBPSI,NBPSI173-11,Iqa_Mebor_01,Iqa_Mebor_01,BOLD:AAB3041,,658[0n],4,,0[n],,,1,Yes,,,,23-Jul-10,Metacnephia borealis,I,23 vii 2010,,Royal Ontario Museum,,Arthropoda,Insecta,Diptera,Simuliidae,Simuliinae,Simuliini,Metacnephia,Metacnephia borealis,,Patrick Schaefer,patrick.schaefer@utoronto.ca,,,"D. Giberson, S. Loboda, M. Blair, C. Roussel",07-Jul-10,Canada,Quebec,,,Schefferville,54.8072,-66.8029,,,,,,,,,,,,,
NBPSI,NBPSI174-11,Iqa_Mebor_02,Iqa_Mebor_02,,,658[0n],4,,0[n],,,1,Yes,,,Yes,22-Jul-10,Simulium decorum,I,22 vii 2010,,Royal Ontario Museum,,Arthropoda,Insecta,Diptera,Simuliidae,Simuliinae,Simuliini,Simulium,Simulium decorum,,Patrick Schaefer,patrick.schaefer@utoronto.ca,,,"D. Giberson, S. Loboda, M. Blair, C. Roussel",07-Jul-10,Canada,Quebec,,,Schefferville,54.8072,-66.8029,,,,,,,,,,,,,
NBPSI,NBPSI175-11,Iqa_Mebor_03,Iqa_Mebor_03,BOLD:AAB3041,,658[0n],4,,0[n],,,1,Yes,,,,22-Jul-10,Metacnephia borealis,I,22 vii 2010,,Royal Ontario Museum,,Arthropoda,Insecta,Diptera,Simuliidae,Simuliinae,Simuliini,Metacnephia,Metacnephia borealis,,Patrick Schaefer,patrick.schaefer@utoronto.ca,,,"D. Giberson, S. Loboda, M. Blair, C. Roussel",09-Jul-10,Canada,Quebec,,,Schefferville,54.9031,-67.1477,,,,,,,,,,,,,
NBPSI,NBPSI165-11,Iqa_Prurs_01,Iqa_Prurs_01,BOLD:ACR4456,,627[0n],4,,0[n],,,1,Yes,,,,19-Jul-10,Prosimulium ursinum,I,19 vii 2010.,,Royal Ontario Museum,,Arthropoda,Insecta,Diptera,Simuliidae,Simuliinae,Prosimuliini,Prosimulium,Prosimulium ursinum,,Patrick Schaefer,patrick.schaefer@utoronto.ca,,,"D. Giberson, S. Loboda, M. Blair, C. Roussel",09-Jul-10,Canada,Quebec,,,Schefferville,54.9031,-67.1477,,,,,,,,,,,,,
NBPSI,NBPSI166-11,Iqa_Prurs_02,Iqa_Prurs_02,BOLD:ACR4456,,631[0n],4,,0[n],,,1,Yes,,,,19-Jul-10,Prosimulium ursinum,I,19 vii 2010.,,Royal Ontario Museum,,Arthropoda,Insecta,Diptera,Simuliidae,Simuliinae,Prosimuliini,Prosimulium,Prosimulium ursinum,,Patrick Schaefer,patrick.schaefer@utoronto.ca,,,"D. Giberson, S. Loboda, M. Blair, C. Roussel",09-Jul-10,Canada,Quebec,,,Schefferville,54.9031,-67.1477,,,,,,,,,,,,,
NBPSI,NBPSI167-11,Iqa_Prurs_03,Iqa_Prurs_03,BOLD:ACR4456,,658[0n],4,,0[n],,,1,Yes,,,,19-Jul-10,Prosimulium ursinum,I,19 vii 2010.,,Royal Ontario Museum,,Arthropoda,Insecta,Diptera,Simuliidae,Simuliinae,Prosimuliini,Prosimulium,Prosimulium ursinum,,Patrick Schaefer,patrick.schaefer@utoronto.ca,,,"D. Giberson, S. Loboda, M. Blair, C. Roussel",09-Jul-10,Canada,Quebec,,,Schefferville,54.9031,-67.1477,,,,,,,,,,,,,
NBPSI,NBPSI168-11,Iqa_Prurs_04,Iqa_Prurs_04,BOLD:ACR4456,,658[0n],4,,0[n],,,1,Yes,,,,24-Jul-10,Prosimulium ursinum,I,24 vii 2010,,Royal Ontario Museum,,Arthropoda,Insecta,Diptera,Simuliidae,Simuliinae,Prosimuliini,Prosimulium,Prosimulium ursinum,,Patrick Schaefer,patrick.schaefer@utoronto.ca,,,"D. Giberson, S. Loboda, M. Blair, C. Roussel",09-Jul-10,Canada,Quebec,,,Schefferville,54.9031,-67.1477,,,,,,,,,,,,,
NBPSI,NBPSI169-11,Iqa_Prurs_05,Iqa_Prurs_05,BOLD:ACR4456,,658[0n],4,,0[n],,,1,Yes,,,,19-Jul-10,Prosimulium ursinum,I,19 vii 2010.,,Royal Ontario Museum,,Arthropoda,Insecta,Diptera,Simuliidae,Simuliinae,Prosimuliini,Prosimulium,Prosimulium ursinum,,Patrick Schaefer,patrick.schaefer@utoronto.ca,,,"D. Giberson, S. Loboda, M. Blair, C. Roussel",11-Jul-10,Canada,Quebec,,,Schefferville,54.9053,-67.1505,,,,,,,,,,,,,
NBPSI,NBPSI184-11,Iqa_Sibaf_01,Iqa_Sibaf_01,BOLD:AAC0730,,658[0n],4,,0[n],,,1,Yes,,,,22-Jul-10,Simulium baffinense,I,22 vii 2010,,Royal Ontario Museum,,Arthropoda,Insecta,Diptera,Simuliidae,Simuliinae,Simuliini,Simulium,Simulium baffinense,,Patrick Schaefer,patrick.schaefer@utoronto.ca,,,"D. Giberson, S. Loboda, M. Blair, C. Roussel",11-Jul-10,Canada,Quebec,,,Schefferville,54.9053,-67.1505,,,,,,,,,,,,,
NBPSI,NBPSI185-11,Iqa_Sibaf_02,Iqa_Sibaf_02,BOLD:AAC0730,,658[0n],4,,0[n],,,1,Yes,,,,19-Jul-10,Simulium baffinense,I,19 vii 2010.,,Royal Ontario Museum,,Arthropoda,Insecta,Diptera,Simuliidae,Simuliinae,Simuliini,Simulium,Simulium baffinense,,Patrick Schaefer,patrick.schaefer@utoronto.ca,,,"D. Giberson, S. Loboda, M. Blair, C. Roussel",11-Jul-10,Canada,Quebec,,,Schefferville,54.9053,-67.1505,,,,,,,,,,,,,
NBPSI,NBPSI186-11,Iqa_Sibaf_03,Iqa_Sibaf_03,,,621[0n],4,,0[n],,,1,Yes,,,Yes,18-Jul-10,Stegopterna emergens,I,18 vii 2010,,Royal Ontario Museum,,Arthropoda,Insecta,Diptera,Simuliidae,Simuliinae,,Stegopterna,Stegopterna emergens,,Patrick Schaefer,patrick.schaefer@utoronto.ca,,,"D. Giberson, S. Loboda, M. Blair, C. Roussel",11-Jul-10,Canada,Quebec,,,Schefferville,54.9053,-67.1505,,,,,,,,,,,,,
NBPSI,NBPSI187-11,Iqa_Sibaf_04,Iqa_Sibaf_04,BOLD:AAC0730,,656[0n],4,,0[n],,,1,Yes,,,,22-Jul-10,Simulium baffinense,I,22 vii 2010,,Royal Ontario Museum,,Arthropoda,Insecta,Diptera,Simuliidae,Simuliinae,Simuliini,Simulium,Simulium baffinense,,Patrick Schaefer,patrick.schaefer@utoronto.ca,,,"D. Giberson, S. Loboda, M. Blair, C. Roussel",11-Jul-10,Canada,Quebec,,,Schefferville,54.9053,-67.1505,,,,,,,,,,,,,
NBPSI,NBPSI188-11,Iqa_Sibaf_05,Iqa_Sibaf_05,BOLD:AAC0730,,658[0n],4,,0[n],,,1,Yes,,,,22-Jul-10,Simulium baffinense,I,22 vii 2010,,Royal Ontario Museum,,Arthropoda,Insecta,Diptera,Simuliidae,Simuliinae,Simuliini,Simulium,Simulium baffinense,,Patrick Schaefer,patrick.schaefer@utoronto.ca,,,"D. Giberson, S. Loboda, M. Blair, C. Roussel",11-Jul-10,Canada,Quebec,,,Schefferville,54.9053,-67.1505,,,,,,,,,,,,,
NBPSI,NBPSI179-11,Iqa_Sidec_01,Iqa_Sidec_01,BOLD:ACZ4859,,637[0n],4,,0[n],,,1,Yes,,,,20-Jul-10,Simulium decorum,I,20 vii 2010,,Royal Ontario Museum,,Arthropoda,Insecta,Diptera,Simuliidae,Simuliinae,Simuliini,Simulium,Simulium decorum,,Patrick Schaefer,patrick.schaefer@utoronto.ca,,,"D. Giberson, S. Loboda, M. Blair, C. Roussel",11-Jul-10,Canada,Quebec,,,Schefferville,54.9053,-67.1505,,,,,,,,,,,,,
NBPSI,NBPSI180-11,Iqa_Sidec_02,Iqa_Sidec_02,BOLD:ACZ4859,,658[0n],4,,0[n],,,1,Yes,,,,20-Jul-10,Simulium decorum,I,20 vii 2010,,Royal Ontario Museum,,Arthropoda,Insecta,Diptera,Simuliidae,Simuliinae,Simuliini,Simulium,Simulium decorum,,Patrick Schaefer,patrick.schaefer@utoronto.ca,,,"D. Giberson, S. Loboda, M. Blair, C. Roussel",09-Jul-10,Canada,Quebec,,,Schefferville,54.9031,-67.1477,,,,,,,,,,,,,
NBPSI,NBPSI181-11,Iqa_Sidec_03,Iqa_Sidec_03,BOLD:ACZ4859,,658[0n],4,,0[n],,,1,Yes,,,,20-Jul-10,Simulium decorum,I,20 vii 2010,,Royal Ontario Museum,,Arthropoda,Insecta,Diptera,Simuliidae,Simuliinae,Simuliini,Simulium,Simulium decorum,,Patrick Schaefer,patrick.schaefer@utoronto.ca,,,"D. Giberson, S. Loboda, M. Blair, C. Roussel",09-Jul-10,Canada,Quebec,,,Schefferville,54.9031,-67.1477,,,,,,,,,,,,,
NBPSI,NBPSI182-11,Iqa_Sidec_04,Iqa_Sidec_04,BOLD:ACZ4859,,658[0n],4,,0[n],,,1,Yes,,,,22-Jul-10,Simulium decorum,I,22 vii 2010,,Royal Ontario Museum,,Arthropoda,Insecta,Diptera,Simuliidae,Simuliinae,Simuliini,Simulium,Simulium decorum,,Patrick Schaefer,patrick.schaefer@utoronto.ca,,,"D. Giberson, S. Loboda, M. Blair, C. Roussel",09-Jul-10,Canada,Quebec,,,Schefferville,54.9031,-67.1477,,,,,,,,,,,,,
NBPSI,NBPSI183-11,Iqa_Sidec_05,Iqa_Sidec_05,BOLD:ACZ4859,,658[0n],4,,0[n],,,1,Yes,,,,22-Jul-10,Simulium decorum,I,22 vii 2010,,Royal Ontario Museum,,Arthropoda,Insecta,Diptera,Simuliidae,Simuliinae,Simuliini,Simulium,Simulium decorum,,Patrick Schaefer,patrick.schaefer@utoronto.ca,,,"D. Giberson, S. Loboda, M. Blair, C. Roussel",03-Jul-10,Canada,Quebec,,,Schefferville,54.8343,-66.689,,,,,,,,,,,,,
NBPSI,NBPSI189-11,Iqa_Sivit_01,Iqa_Sivit_01,BOLD:AAA4121,,658[0n],4,,0[n],,,1,Yes,,,,21-Aug-10,Simulium vittatum,A,"17-21 vii, 2010",,Royal Ontario Museum,,Arthropoda,Insecta,Diptera,Simuliidae,Simuliinae,Simuliini,Simulium,Simulium vittatum,,Patrick Schaefer,patrick.schaefer@utoronto.ca,,,"D. Giberson, S. Loboda, M. Blair, C. Roussel",03-Jul-10,Canada,Quebec,,,Schefferville,54.8343,-66.689,,,,,,,,,,,,,
NBPSI,NBPSI190-11,Iqa_Sivit_02,Iqa_Sivit_02,BOLD:AAA4121,,658[0n],4,,0[n],,,1,Yes,,,,21-Aug-10,Simulium vittatum,A,"17-21 vii, 2010",,Royal Ontario Museum,,Arthropoda,Insecta,Diptera,Simuliidae,Simuliinae,Simuliini,Simulium,Simulium vittatum,,Patrick Schaefer,patrick.schaefer@utoronto.ca,,,"D. Giberson, S. Loboda, M. Blair, C. Roussel",03-Jul-10,Canada,Quebec,,,Schefferville,54.8343,-66.689,,,,,,,,,,,,,
NBPSI,NBPSI191-11,Iqa_Sivit_03,Iqa_Sivit_03,BOLD:AAA4121,,658[0n],4,,0[n],,,1,Yes,,,,21-Aug-10,Simulium vittatum,A,"17-21 vii, 2010",,Royal Ontario Museum,,Arthropoda,Insecta,Diptera,Simuliidae,Simuliinae,Simuliini,Simulium,Simulium vittatum,,Patrick Schaefer,patrick.schaefer@utoronto.ca,,,"D. Currie, P. Schaefer",13-Jul-10,Canada,Manitoba,Churchill,,Churchill,58.722,-93.84,,,,,,,,,,,,,
NBPSI,NBPSI176-11,Iqa_Steme_01,Iqa_Steme_01,BOLD:ACE4392,,597[1n],4,,0[n],,,1,Yes,,,,19-Jul-10,Stegopterna emergens,I,19 vii 2010.,,Royal Ontario Museum,,Arthropoda,Insecta,Diptera,Simuliidae,Simuliinae,,Stegopterna,Stegopterna emergens,,Patrick Schaefer,patrick.schaefer@utoronto.ca,,,"D. Currie, P. Schaefer",13-Jul-10,Canada,Manitoba,Churchill,,Churchill,58.722,-93.84,,,,,,,,,,,,,
NBPSI,NBPSI177-11,Iqa_Steme_02,Iqa_Steme_02,BOLD:ACE4392,,624[0n],4,,0[n],,,1,Yes,,,,18-Jul-10,Stegopterna emergens,I,18 vii 2010,,Royal Ontario Museum,,Arthropoda,Insecta,Diptera,Simuliidae,Simuliinae,,Stegopterna,Stegopterna emergens,,Patrick Schaefer,patrick.schaefer@utoronto.ca,,,"D. Currie, P. Schaefer",13-Jul-10,Canada,Manitoba,Churchill,,Churchill,58.722,-93.84,,,,,,,,,,,,,
NBPSI,NBPSI178-11,Iqa_Steme_03,Iqa_Steme_03,BOLD:ACE4392,,630[0n],4,,0[n],,,1,Yes,,,,19-Jul-10,Stegopterna emergens,I,19 vii 2010.,,Royal Ontario Museum,,Arthropoda,Insecta,Diptera,Simuliidae,Simuliinae,,Stegopterna,Stegopterna emergens,,Patrick Schaefer,patrick.schaefer@utoronto.ca,,,"D. Currie, P. Schaefer",09-Jul-10,Canada,Manitoba,Churchill,,Churchill,58.736,-93.798,,,,,,,,,,,,,
NBPSI,NBPSI327-13,KG01_COIF,KG01_COIF,BOLD:ACJ5631,,609[0n],,,561[0n],,,,No,,,,,Stegopterna emergens,,,,Royal Ontario Museum,,Arthropoda,Insecta,Diptera,Simuliidae,Simuliinae,,Stegopterna,Stegopterna emergens,,Patrick Schaefer,patrick.schaefer@utoronto.ca,,,"D. Currie, P. Schaefer",13-Jul-10,Canada,Manitoba,Churchill,,Churchill,58.734,-93.798,,,,,,,,,,,,,
NBPSI,NBPSI329-13,KG03_COIF,KG03_COIF,BOLD:ACJ5631,,609[0n],,,561[0n],,,,No,,,,,Stegopterna emergens,,,,Royal Ontario Museum,,Arthropoda,Insecta,Diptera,Simuliidae,Simuliinae,,Stegopterna,Stegopterna emergens,,Patrick Schaefer,patrick.schaefer@utoronto.ca,,,"D. Currie, P. Schaefer",09-Jul-10,Canada,Manitoba,Churchill,,Churchill,58.736,-93.798,,,,,,,,,,,,,
NBPSI,NBPSI330-13,KG04_COIF,KG04_COIF,BOLD:ACJ5631,,609[0n],,,561[0n],,,,No,,,,,Stegopterna emergens,,,,Royal Ontario Museum,,Arthropoda,Insecta,Diptera,Simuliidae,Simuliinae,,Stegopterna,Stegopterna emergens,,Patrick Schaefer,patrick.schaefer@utoronto.ca,,,"D. Currie, P. Schaefer",09-Jul-10,Canada,Manitoba,Churchill,,Churchill,58.736,-93.798,,,,,,,,,,,,,
NBPSI,NBPSI331-13,KG05_COIF,KG05_COIF,BOLD:ACE4392,,609[0n],,,561[4n],,,,No,,,,,Stegopterna emergens,,,,Royal Ontario Museum,,Arthropoda,Insecta,Diptera,Simuliidae,Simuliinae,,Stegopterna,Stegopterna emergens,,Patrick Schaefer,patrick.schaefer@utoronto.ca,,,"D. Currie, P. Schaefer",09-Jul-10,Canada,Manitoba,Churchill,,Churchill,58.736,-93.798,,,,,,,,,,,,,
NBPSI,NBPSI332-13,KG06_COIF,KG06_COIF,BOLD:ACJ5631,,609[0n],,,561[2n],,,,No,,,,,Stegopterna emergens,,,,Royal Ontario Museum,,Arthropoda,Insecta,Diptera,Simuliidae,Simuliinae,,Stegopterna,Stegopterna emergens,,Patrick Schaefer,patrick.schaefer@utoronto.ca,,,"D. Currie, P. Schaefer",13-Jul-10,Canada,Manitoba,Churchill,,Churchill,58.722,-93.84,,,,,,,,,,,,,
NBPSI,NBPSI333-13,KG07_COIF,KG07_COIF,BOLD:ACJ5631,,609[0n],,,561[0n],,,,No,,,,,Stegopterna emergens,,,,Royal Ontario Museum,,Arthropoda,Insecta,Diptera,Simuliidae,Simuliinae,,Stegopterna,Stegopterna emergens,,Patrick Schaefer,patrick.schaefer@utoronto.ca,,,"D. Currie, P. Schaefer",13-Jul-10,Canada,Manitoba,Churchill,,Churchill,58.722,-93.84,,,,,,,,,,,,,
NBPSI,NBPSI334-13,KG08_COIF,KG08_COIF,BOLD:ACJ5631,,609[0n],,,561[2n],,,,No,,,,,Stegopterna emergens,,,,Royal Ontario Museum,,Arthropoda,Insecta,Diptera,Simuliidae,Simuliinae,,Stegopterna,Stegopterna emergens,,Patrick Schaefer,patrick.schaefer@utoronto.ca,,,P. Schaefer,19-Jul-10,Canada,Nunavut,,Iqaluit,,63.7905,-68.5655,,,,,,,,,,,,,
NBPSI,NBPSI335-13,KG09_COIF,KG09_COIF,BOLD:ACJ5631,,609[0n],,,561[3n],,,,No,,,,,Stegopterna emergens,,,,Royal Ontario Museum,,Arthropoda,Insecta,Diptera,Simuliidae,Simuliinae,,Stegopterna,Stegopterna emergens,,Patrick Schaefer,patrick.schaefer@utoronto.ca,,,P. Schaefer,19-Jul-10,Canada,Nunavut,,Iqaluit,,63.7592,-68.4577,,,,,,,,,,,,,
NBPSI,NBPSI328-13,KG92_COIF,KG02_COIF,BOLD:ACJ5631,,609[0n],,,561[0n],,,,No,,,,,Stegopterna emergens,,,,Royal Ontario Museum,,Arthropoda,Insecta,Diptera,Simuliidae,Simuliinae,,Stegopterna,Stegopterna emergens,,Patrick Schaefer,patrick.schaefer@utoronto.ca,,,P. Schaefer,19-Jul-10,Canada,Nunavut,,Iqaluit,,63.7592,-68.4577,,,,,,,,,,,,,
NBPSI,NBPSI012-11,MaTest_ChuE_02,MaTest_ChuE_02,BOLD:AAA4121,,658[0n],2,,0[n],,,1,Yes,,,,02-Jul-10,Simulium vittatum,A,,,Royal Ontario Museum,,Arthropoda,Insecta,Diptera,Simuliidae,Simuliinae,Simuliini,Simulium,Simulium vittatum,,Patrick Schaefer,patrick.schaefer@utoronto.ca,,,P. Schaefer,24-Jul-10,Canada,Nunavut,,Iqaluit,,63.7935,-68.5663,,,,,,,,,,,,,
NBPSI,NBPSI014-11,MaTest_ChuL_02,MaTest_ChuL_02,BOLD:AAA1697,,658[0n],2,,0[n],,,1,Yes,,,,09-Jul-10,Simulium rostratum,A,,,Royal Ontario Museum,,Arthropoda,Insecta,Diptera,Simuliidae,Simuliinae,Simuliini,Simulium,Simulium rostratum,,Patrick Schaefer,patrick.schaefer@utoronto.ca,,,P. Schaefer,19-Jul-10,Canada,Nunavut,,Iqaluit,,63.7592,-68.4577,,,,,,,,,,,,,
NBPSI,NBPSI019-11,MaTest_Goo_01,MaTest_Goo_01,BOLD:AAB7514,,658[0n],2,,0[n],,,1,Yes,,,,15-Jun-10,Stegopterna mutata/diplomutata,A,,,Royal Ontario Museum,,Arthropoda,Insecta,Diptera,Simuliidae,Simuliinae,,Stegopterna,Stegopterna mutata/diplomutata,,Patrick Schaefer,patrick.schaefer@utoronto.ca,,,P. Schaefer,19-Jul-10,Canada,Nunavut,,Iqaluit,,63.7905,-68.5655,,,,,,,,,,,,,
NBPSI,NBPSI020-11,MaTest_Goo_02,MaTest_Goo_02,BOLD:AAB7512,,658[0n],2,,0[n],,,1,Yes,,,,18-Jun-10,Stegopterna mutata/diplomutata,A,,,Royal Ontario Museum,,Arthropoda,Insecta,Diptera,Simuliidae,Simuliinae,,Stegopterna,Stegopterna mutata/diplomutata,,Patrick Schaefer,patrick.schaefer@utoronto.ca,,,P. Schaefer,19-Jul-10,Canada,Nunavut,,Iqaluit,,63.7905,-68.5655,,,,,,,,,,,,,
NBPSI,NBPSI007-11,MaTest_MooE_01,MaTest_MooE_01,BOLD:ACZ4859,,658[0n],2,,0[n],,,1,Yes,,,,16-Jun-10,Simulium decorum,A,,,Royal Ontario Museum,,Arthropoda,Insecta,Diptera,Simuliidae,Simuliinae,Simuliini,Simulium,Simulium decorum,,Patrick Schaefer,patrick.schaefer@utoronto.ca,,,P. Schaefer,24-Jul-10,Canada,Nunavut,,Iqaluit,,63.7935,-68.5663,,,,,,,,,,,,,
NBPSI,NBPSI008-11,MaTest_MooE_02,MaTest_MooE_02,BOLD:ACZ4859,,658[0n],2,,0[n],,,1,Yes,,,,16-Jun-10,Simulium decorum,A,,,Royal Ontario Museum,,Arthropoda,Insecta,Diptera,Simuliidae,Simuliinae,Simuliini,Simulium,Simulium decorum,,Patrick Schaefer,patrick.schaefer@utoronto.ca,,,P. Schaefer,23-Jul-10,Canada,Nunavut,,Iqaluit,,63.7433,-68.5697,,,,,,,,,,,,,
NBPSI,NBPSI009-11,MaTest_MooL_01,MaTest_MooL_01,BOLD:AAV8851,,654[0n],2,,0[n],,,1,Yes,,,,21-Jun-10,Simulium luggeri,A,,,Royal Ontario Museum,,Arthropoda,Insecta,Diptera,Simuliidae,Simuliinae,Simuliini,Simulium,Simulium luggeri,,Patrick Schaefer,patrick.schaefer@utoronto.ca,,,P. Schaefer,22-Jul-10,Canada,Nunavut,,Iqaluit,,63.757,-68.4738,,,,,,,,,,,,,
NBPSI,NBPSI010-11,MaTest_MooL_02,MaTest_MooL_02,BOLD:AAV8839,,658[0n],2,,0[n],,,1,Yes,,,,21-Jun-10,Simulium rugglesi,A,,,Royal Ontario Museum,,Arthropoda,Insecta,Diptera,Simuliidae,Simuliinae,Simuliini,Simulium,Simulium rugglesi,,Patrick Schaefer,patrick.schaefer@utoronto.ca,,,P. Schaefer,22-Jul-10,Canada,Nunavut,,Iqaluit,,63.757,-68.4738,,,,,,,,,,,,,
NBPSI,NBPSI021-11,MaTest_Sch_01,MaTest_Sch_01,BOLD:AAG7032,,658[0n],2,,0[n],,,1,Yes,,,,06-Jul-10,Prosimulium mixtum,A,,,Royal Ontario Museum,,Arthropoda,Insecta,Diptera,Simuliidae,Simuliinae,Prosimuliini,Prosimulium,Prosimulium mixtum,,Patrick Schaefer,patrick.schaefer@utoronto.ca,,,P. Schaefer,19-Jul-10,Canada,Nunavut,,Iqaluit,,63.7905,-68.5655,,,,,,,,,,,,,
NBPSI,NBPSI022-11,MaTest_Sch_02,MaTest_Sch_02,BOLD:AAB5899,,658[0n],2,,0[n],,,1,Yes,,,,03-Jul-10,Simulium murmanum,A,,,Royal Ontario Museum,,Arthropoda,Insecta,Diptera,Simuliidae,Simuliinae,Simuliini,Simulium,Simulium murmanum,,Patrick Schaefer,patrick.schaefer@utoronto.ca,,,P. Schaefer,18-Jul-10,Canada,Nunavut,,Iqaluit,,63.7905,-68.5674,,,,,,,,,,,,,
NBPSI,NBPSI337-13,MO01_COIF,MO01_COIF,BOLD:AAD8486,,608[0n],,,561[1n],,,,No,,,,,Stegopterna emergens,,,,Royal Ontario Museum,,Arthropoda,Insecta,Diptera,Simuliidae,Simuliinae,,Stegopterna,Stegopterna emergens,,Patrick Schaefer,patrick.schaefer@utoronto.ca,,,P. Schaefer,19-Jul-10,Canada,Nunavut,,Iqaluit,,63.751,-68.4723,,,,,,,,,,,,,
NBPSI,NBPSI338-13,MO02_COIF,MO02_COIF,BOLD:AAD8486,,608[0n],,,561[2n],,,,No,,,,,Stegopterna emergens,,,,Royal Ontario Museum,,Arthropoda,Insecta,Diptera,Simuliidae,Simuliinae,,Stegopterna,Stegopterna emergens,,Patrick Schaefer,patrick.schaefer@utoronto.ca,,,P. Schaefer,20-Jul-10,Canada,Nunavut,,Iqaluit,,63.7563,-68.577,,,,,,,,,,,,,
NBPSI,NBPSI339-13,MO03_COIF,MO03_COIF,BOLD:AAD8486,,608[0n],,,561[0n],,,,No,,,,,Stegopterna emergens,,,,Royal Ontario Museum,,Arthropoda,Insecta,Diptera,Simuliidae,Simuliinae,,Stegopterna,Stegopterna emergens,,Patrick Schaefer,patrick.schaefer@utoronto.ca,,,P. Schaefer,20-Jul-10,Canada,Nunavut,,Iqaluit,,63.7563,-68.577,,,,,,,,,,,,,
NBPSI,NBPSI340-13,MO04_COIF,MO04_COIF,BOLD:AAD8486,,608[0n],,,561[2n],,,,No,,,,,Stegopterna emergens,,,,Royal Ontario Museum,,Arthropoda,Insecta,Diptera,Simuliidae,Simuliinae,,Stegopterna,Stegopterna emergens,,Patrick Schaefer,patrick.schaefer@utoronto.ca,,,P. Schaefer,20-Jul-10,Canada,Nunavut,,Iqaluit,,63.7563,-68.577,,,,,,,,,,,,,
NBPSI,NBPSI113-11,Moo_Hedec_01,Moo_Hedec_01,BOLD:AAC3678,,658[0n],4,,0[n],,,1,Yes,,,,18-Jun-10,Helodon decemarticulatus,A,15-18 vi 2010,,Royal Ontario Museum,,Arthropoda,Insecta,Diptera,Simuliidae,Simuliinae,,Helodon,Helodon decemarticulatus,,Patrick Schaefer,patrick.schaefer@utoronto.ca,,,P. Schaefer,22-Jul-10,Canada,Nunavut,,Iqaluit,,63.757,-68.4738,,,,,,,,,,,,,
NBPSI,NBPSI112-11,Moo_Sicon_01,Moo_Sicon_01,BOLD:AAL8152,,658[0n],4,,0[n],,,1,Yes,,,,24-Jun-10,Simulium congareenarum,A,21-24 vi 2010,,Royal Ontario Museum,,Arthropoda,Insecta,Diptera,Simuliidae,Simuliinae,Simuliini,Simulium,Simulium congareenarum,,Patrick Schaefer,patrick.schaefer@utoronto.ca,,,P. Schaefer,22-Jul-10,Canada,Nunavut,,Iqaluit,,63.757,-68.4738,,,,,,,,,,,,,
NBPSI,NBPSI097-11,Moo_Sicro_01,Moo_Sicro_01,BOLD:AAB9222,,658[0n],4,,0[n],,,1,Yes,,,,24-Jun-10,Simulium croxtoni,I,24 vi 2010,,Royal Ontario Museum,,Arthropoda,Insecta,Diptera,Simuliidae,Simuliinae,Simuliini,Simulium,Simulium croxtoni,,Patrick Schaefer,patrick.schaefer@utoronto.ca,,,P. Schaefer,22-Jul-10,Canada,Nunavut,,Iqaluit,,63.757,-68.4738,,,,,,,,,,,,,
NBPSI,NBPSI098-11,Moo_Sicro_02,Moo_Sicro_02,BOLD:AAB9222,,658[0n],4,,0[n],,,1,Yes,,,,24-Jun-10,Simulium croxtoni,I,24 vi 2010,,Royal Ontario Museum,,Arthropoda,Insecta,Diptera,Simuliidae,Simuliinae,Simuliini,Simulium,Simulium croxtoni,,Patrick Schaefer,patrick.schaefer@utoronto.ca,,,P. Schaefer,19-Jul-10,Canada,Nunavut,,Iqaluit,,63.7811,-68.5509,,,,,,,,,,,,,
NBPSI,NBPSI099-11,Moo_Sicro_03,Moo_Sicro_03,BOLD:AAB9222,,658[0n],4,,0[n],,,1,Yes,,,,24-Jun-10,Simulium croxtoni,I,24 vi 2010,,Royal Ontario Museum,,Arthropoda,Insecta,Diptera,Simuliidae,Simuliinae,Simuliini,Simulium,Simulium croxtoni,,Patrick Schaefer,patrick.schaefer@utoronto.ca,,,P. Schaefer,18-Jul-10,Canada,Nunavut,,Iqaluit,,63.7565,-68.5758,,,,,,,,,,,,,
NBPSI,NBPSI103-11,Moo_Sidec_01,Moo_Sidec_01,BOLD:ACZ4859,,658[0n],4,,0[n],,,1,Yes,,,,26-Jun-10,Simulium decorum,A,23-26 vi 2010,,Royal Ontario Museum,,Arthropoda,Insecta,Diptera,Simuliidae,Simuliinae,Simuliini,Simulium,Simulium decorum,,Patrick Schaefer,patrick.schaefer@utoronto.ca,,,P. Schaefer,22-Jul-10,Canada,Nunavut,,Iqaluit,,63.757,-68.4738,,,,,,,,,,,,,
NBPSI,NBPSI104-11,Moo_Sidec_02,Moo_Sidec_02,BOLD:ACZ4859,,658[0n],4,,0[n],,,1,Yes,,,,26-Jun-10,Simulium decorum,A,23-26 vi 2010,,Royal Ontario Museum,,Arthropoda,Insecta,Diptera,Simuliidae,Simuliinae,Simuliini,Simulium,Simulium decorum,,Patrick Schaefer,patrick.schaefer@utoronto.ca,,,P. Schaefer,22-Jul-10,Canada,Nunavut,,Iqaluit,,63.757,-68.4738,,,,,,,,,,,,,
NBPSI,NBPSI105-11,Moo_Sidec_03,Moo_Sidec_03,BOLD:ACZ4859,,658[0n],4,,0[n],,,1,Yes,,,,26-Jun-10,Simulium decorum,A,23-26 vi 2010,,Royal Ontario Museum,,Arthropoda,Insecta,Diptera,Simuliidae,Simuliinae,Simuliini,Simulium,Simulium decorum,,Patrick Schaefer,patrick.schaefer@utoronto.ca,,,P. Schaefer,21-Aug-10,Canada,Nunavut,,Iqaluit,,63.7512,-68.459,,,,,,,,,,,,,
NBPSI,NBPSI109-11,Moo_Sijen_01,Moo_Sijen_01,BOLD:AAG9570,,658[0n],4,,0[n],,,1,Yes,,,,21-Jun-10,Simulium luggeri,A,19-21 vi 2010,,Royal Ontario Museum,,Arthropoda,Insecta,Diptera,Simuliidae,Simuliinae,Simuliini,Simulium,Simulium luggeri,,Patrick Schaefer,patrick.schaefer@utoronto.ca,,,P. Schaefer,21-Aug-10,Canada,Nunavut,,Iqaluit,,63.7512,-68.459,,,,,,,,,,,,,
NBPSI,NBPSI110-11,Moo_Sijen_02,Moo_Sijen_02,BOLD:AAG9570,,658[0n],4,,0[n],,,1,Yes,,,,21-Jun-10,Simulium luggeri,A,19-21 vi 2010,,Royal Ontario Museum,,Arthropoda,Insecta,Diptera,Simuliidae,Simuliinae,Simuliini,Simulium,Simulium luggeri,,Patrick Schaefer,patrick.schaefer@utoronto.ca,,,P. Schaefer,21-Aug-10,Canada,Nunavut,,Iqaluit,,63.7512,-68.459,,,,,,,,,,,,,
NBPSI,NBPSI111-11,Moo_Sijen_03,Moo_Sijen_03,BOLD:AAG9570,,658[0n],4,,0[n],,,1,Yes,,,,21-Jun-10,Simulium luggeri,A,18-21 vi 2010,,Royal Ontario Museum,,Arthropoda,Insecta,Diptera,Simuliidae,Simuliinae,Simuliini,Simulium,Simulium luggeri,,Patrick Schaefer,patrick.schaefer@utoronto.ca,,,,,Canada,Northwest Territories,,,,73.217,-119.621,,,,,,,,,,,,,
NBPSI,NBPSI106-11,Moo_Sirug_01,Moo_Sirug_01,BOLD:AAV8839,,658[0n],4,,0[n],,,1,Yes,,,,21-Jun-10,Simulium rugglesi,A,19-21 vi 2010,,Royal Ontario Museum,,Arthropoda,Insecta,Diptera,Simuliidae,Simuliinae,Simuliini,Simulium,Simulium rugglesi,,Patrick Schaefer,patrick.schaefer@utoronto.ca,,,,,Canada,Northwest Territories,,,,73.217,-119.621,,,,,,,,,,,,,
NBPSI,NBPSI107-11,Moo_Sirug_02,Moo_Sirug_02,BOLD:AAV8839,,658[0n],4,,0[n],,,1,Yes,,,,24-Jun-10,Simulium rugglesi,A,21-24 vi 2010,,Royal Ontario Museum,,Arthropoda,Insecta,Diptera,Simuliidae,Simuliinae,Simuliini,Simulium,Simulium rugglesi,,Patrick Schaefer,patrick.schaefer@utoronto.ca,,,,,Canada,Northwest Territories,,,,73.217,-119.621,,,,,,,,,,,,,
NBPSI,NBPSI108-11,Moo_Sirug_03,Moo_Sirug_03,BOLD:AAV8839,,658[0n],4,,0[n],,,1,Yes,,,,24-Jun-10,Simulium rugglesi,A,21-24 vi 2010,,Royal Ontario Museum,,Arthropoda,Insecta,Diptera,Simuliidae,Simuliinae,Simuliini,Simulium,Simulium rugglesi,,Patrick Schaefer,patrick.schaefer@utoronto.ca,,,,,Canada,Northwest Territories,,,,73.217,-119.621,,,,,,,,,,,,,
NBPSI,NBPSI100-11,Moo_Sisil_01,Moo_Sisil_01,BOLD:AAB9222,,658[0n],4,,0[n],,,1,Yes,,,,24-Jun-10,Simulium croxtoni,A,21-24 vi 2010,,Royal Ontario Museum,,Arthropoda,Insecta,Diptera,Simuliidae,Simuliinae,Simuliini,Simulium,Simulium croxtoni,,Patrick Schaefer,patrick.schaefer@utoronto.ca,,,,,Canada,Northwest Territories,,,,73.217,-119.621,,,,,,,,,,,,,
NBPSI,NBPSI101-11,Moo_Sisil_02,Moo_Sisil_02,BOLD:AAB9222,,658[0n],4,,0[n],,,1,Yes,,,,24-Jun-10,Simulium croxtoni,A,21-24 vi 2010,,Royal Ontario Museum,,Arthropoda,Insecta,Diptera,Simuliidae,Simuliinae,Simuliini,Simulium,Simulium croxtoni,,Patrick Schaefer,patrick.schaefer@utoronto.ca,,,,,Canada,Northwest Territories,,,,73.217,-119.621,,,,,,,,,,,,,
NBPSI,NBPSI102-11,Moo_Sisil_03,Moo_Sisil_03,BOLD:AAB9222,,622[0n],4,,0[n],,,1,Yes,,,,24-Jun-10,Simulium croxtoni,A,21-24 vi 2010,,Royal Ontario Museum,,Arthropoda,Insecta,Diptera,Simuliidae,Simuliinae,Simuliini,Simulium,Simulium croxtoni,,Patrick Schaefer,patrick.schaefer@utoronto.ca,,,,,Canada,Northwest Territories,,,,73.217,-119.621,,,,,,,,,,,,,
NBPSI,NBPSI341-13,MOO5_COIF,MOO5_COIF,BOLD:AAD8486,,608[0n],,,561[2n],,,,No,,,,,Stegopterna emergens,,,,Royal Ontario Museum,,Arthropoda,Insecta,Diptera,Simuliidae,Simuliinae,,Stegopterna,Stegopterna emergens,,Patrick Schaefer,patrick.schaefer@utoronto.ca,,,,,Canada,Northwest Territories,,,,73.217,-119.621,,,,,,,,,,,,,
NBPSI,NBPSI342-13,NW01_COIF,NW01_COIF,BOLD:ACJ5631,,609[0n],,,561[0n],,,,No,,,,,Stegopterna emergens,,,,Royal Ontario Museum,,Arthropoda,Insecta,Diptera,Simuliidae,Simuliinae,,Stegopterna,Stegopterna emergens,,Patrick Schaefer,patrick.schaefer@utoronto.ca,,,,,Canada,Northwest Territories,,,,73.217,-119.621,,,,,,,,,,,,,
NBPSI,NBPSI343-13,NW02_COIF,NW02_COIF,BOLD:AAD8486,,608[0n],,,561[0n],,,,No,,,,,Stegopterna emergens,,,,Royal Ontario Museum,,Arthropoda,Insecta,Diptera,Simuliidae,Simuliinae,,Stegopterna,Stegopterna emergens,,Patrick Schaefer,patrick.schaefer@utoronto.ca,,,,,Canada,Northwest Territories,,,,73.217,-119.621,,,,,,,,,,,,,
NBPSI,NBPSI344-13,NW03_COIF,NW03_COIF,BOLD:ACJ5631,,609[0n],,,561[0n],,,,No,,,,,Stegopterna emergens,,,,Royal Ontario Museum,,Arthropoda,Insecta,Diptera,Simuliidae,Simuliinae,,Stegopterna,Stegopterna emergens,,Patrick Schaefer,patrick.schaefer@utoronto.ca,,,,,Canada,Northwest Territories,,,,73.217,-119.621,,,,,,,,,,,,,
NBPSI,NBPSI345-13,NW04_COIF,NW04_COIF,BOLD:AAD8486,,608[0n],,,561[3n],,,,No,,,,,Stegopterna emergens,,,,Royal Ontario Museum,,Arthropoda,Insecta,Diptera,Simuliidae,Simuliinae,,Stegopterna,Stegopterna emergens,,Patrick Schaefer,patrick.schaefer@utoronto.ca,,,,,Canada,Northwest Territories,,,,73.217,-119.621,,,,,,,,,,,,,
NBPSI,NBPSI346-13,NW05_COIF,NW05_COIF,BOLD:ACJ5631,,609[0n],,,561[2n],,,,No,,,,,Stegopterna emergens,,,,Royal Ontario Museum,,Arthropoda,Insecta,Diptera,Simuliidae,Simuliinae,,Stegopterna,Stegopterna emergens,,Patrick Schaefer,patrick.schaefer@utoronto.ca,,,,,Canada,Northwest Territories,,,,73.217,-119.621,,,,,,,,,,,,,
NBPSI,NBPSI347-13,NW06_COIF,NW06_COIF,BOLD:ACJ5631,,609[0n],,,561[3n],,,,No,,,,,Stegopterna emergens,,,,Royal Ontario Museum,,Arthropoda,Insecta,Diptera,Simuliidae,Simuliinae,,Stegopterna,Stegopterna emergens,,Patrick Schaefer,patrick.schaefer@utoronto.ca,,,,,Canada,Northwest Territories,,,,73.217,-119.621,,,,,,,,,,,,,
NBPSI,NBPSI348-13,NW07_COIF,NW07_COIF,BOLD:ACJ5631,,609[0n],,,561[5n],,,,No,,,,,Stegopterna emergens,,,,Royal Ontario Museum,,Arthropoda,Insecta,Diptera,Simuliidae,Simuliinae,,Stegopterna,Stegopterna emergens,,Patrick Schaefer,patrick.schaefer@utoronto.ca,,,,,Canada,Nunavut,Kitikmeot,Cambridge Bay,,69.117,-105.053,,,,,,,,,,,,,
NBPSI,NBPSI349-13,NW08_COIF,NW08_COIF,BOLD:AAD8486,,608[0n],,,561[4n],,,,No,,,,,Stegopterna emergens,,,,Royal Ontario Museum,,Arthropoda,Insecta,Diptera,Simuliidae,Simuliinae,,Stegopterna,Stegopterna emergens,,Patrick Schaefer,patrick.schaefer@utoronto.ca,,,,,Canada,Nunavut,Kitikmeot,Cambridge Bay,,69.117,-105.053,,,,,,,,,,,,,
NBPSI,NBPSI350-13,NW10_COIF,NW10_COIF,BOLD:ACJ5631,,609[0n],,,561[9n],,,,No,,,,,Stegopterna emergens,,,,Royal Ontario Museum,,Arthropoda,Insecta,Diptera,Simuliidae,Simuliinae,,Stegopterna,Stegopterna emergens,,Patrick Schaefer,patrick.schaefer@utoronto.ca,,,,,Canada,Nunavut,Kitikmeot,Cambridge Bay,,69.117,-105.053,,,,,,,,,,,,,
NBPSI,NBPSI357-14,NW11_COIF,NW11_COIF,BOLD:AAD8486,,596[0n],,,562[0n],,,,No,,COII,,01-Jun-11,Stegopterna emergens,,,,Royal Ontario Museum,,Arthropoda,Insecta,Diptera,Simuliidae,Simuliinae,,Stegopterna,Stegopterna emergens,,P. Schaefer,patrick.schaefer@mail.utoronto.ca,,,,,Canada,Nunavut,Kitikmeot,Cambridge Bay,,69.117,-105.053,,,,,,,,,,,,,
NBPSI,NBPSI358-14,NW12_COIF,NW12_COIF,BOLD:ACJ5631,,596[0n],,,562[0n],,,,No,,COII,,01-Jun-11,Stegopterna emergens,,,,Royal Ontario Museum,,Arthropoda,Insecta,Diptera,Simuliidae,Simuliinae,,Stegopterna,Stegopterna emergens,,P. Schaefer,patrick.schaefer@mail.utoronto.ca,,,,,Canada,Nunavut,Kitikmeot,Cambridge Bay,,69.117,-105.053,,,,,,,,,,,,,
NBPSI,NBPSI359-14,NW13_COIF,NW13_COIF,BOLD:ACJ5631,,596[0n],,,562[0n],,,,No,,COII,,01-Jun-11,Stegopterna emergens,,,,Royal Ontario Museum,,Arthropoda,Insecta,Diptera,Simuliidae,Simuliinae,,Stegopterna,Stegopterna emergens,,P. Schaefer,patrick.schaefer@mail.utoronto.ca,,,,,Canada,Nunavut,Kitikmeot,Cambridge Bay,,69.117,-105.053,,,,,,,,,,,,,
NBPSI,NBPSI360-14,NW14_COIF,NW14_COIF,BOLD:AAD8486,,596[0n],,,562[0n],,,,No,,COII,,01-Jun-11,Stegopterna emergens,,,,Royal Ontario Museum,,Arthropoda,Insecta,Diptera,Simuliidae,Simuliinae,,Stegopterna,Stegopterna emergens,,P. Schaefer,patrick.schaefer@mail.utoronto.ca,,,,,Canada,Nunavut,Kitikmeot,Cambridge Bay,,69.117,-105.053,,,,,,,,,,,,,
NBPSI,NBPSI361-14,NW15_COIF,NW15_COIF,BOLD:ACJ5631,,596[0n],,,562[0n],,,,No,,COII,,01-Jun-11,Stegopterna emergens,,,,Royal Ontario Museum,,Arthropoda,Insecta,Diptera,Simuliidae,Simuliinae,,Stegopterna,Stegopterna emergens,,P. Schaefer,patrick.schaefer@mail.utoronto.ca,,,,,Canada,Nunavut,Kitikmeot,Cambridge Bay,,69.117,-105.053,,,,,,,,,,,,,
NBPSI,NBPSI362-14,NW16_COIF,NW16_COIF,BOLD:ACJ5631,,596[0n],,,562[0n],,,,No,,COII,,01-Jun-11,Stegopterna emergens,,,,Royal Ontario Museum,,Arthropoda,Insecta,Diptera,Simuliidae,Simuliinae,,Stegopterna,Stegopterna emergens,,P. Schaefer,patrick.schaefer@mail.utoronto.ca,,,,,Canada,Nunavut,Kitikmeot,Cambridge Bay,,69.117,-105.053,,,,,,,,,,,,,
NBPSI,NBPSI001-11,Pgtest_Moo_01,Pgtest_Moo_01,BOLD:AAA4264,,658[0n],2,,0[n],,,1,Yes,,,,23-Jun-10,Simulium venustum complex,A,,,Royal Ontario Museum,,Arthropoda,Insecta,Diptera,Simuliidae,Simuliinae,Simuliini,Simulium,Simulium venustum complex,,Patrick Schaefer,patrick.schaefer@utoronto.ca,,,,,Canada,Nunavut,Kitikmeot,Cambridge Bay,,69.117,-105.053,,,,,,,,,,,,,
NBPSI,NBPSI002-11,Pgtest_Moo_02,Pgtest_Moo_02,BOLD:AAA9710,,658[0n],2,,0[n],,,1,Yes,,,,23-Jun-10,Simulium tuberosum complex,A,,,Royal Ontario Museum,,Arthropoda,Insecta,Diptera,Simuliidae,Simuliinae,Simuliini,Simulium,Simulium tuberosum complex,,Patrick Schaefer,patrick.schaefer@utoronto.ca,,,,,Canada,Nunavut,Kitikmeot,Cambridge Bay,,69.117,-105.053,,,,,,,,,,,,,
NBPSI,NBPSI131-11,Sch_Hedec_01,Sch_Hedec_01,BOLD:AAC3678,,658[0n],4,,0[n],,,1,Yes,,,,03-Jul-10,Helodon decemarticulatus,I,3 vii 2010,,Royal Ontario Museum,,Arthropoda,Insecta,Diptera,Simuliidae,Simuliinae,,Helodon,Helodon decemarticulatus,,Patrick Schaefer,patrick.schaefer@utoronto.ca,,,,,Canada,Nunavut,Kitikmeot,Cambridge Bay,,69.117,-105.053,,,,,,,,,,,,,
NBPSI,NBPSI132-11,Sch_Hedec_02,Sch_Hedec_02,BOLD:AAC3678,,658[0n],4,,0[n],,,1,Yes,,,,03-Jul-10,Helodon decemarticulatus,I,3 vii 2010,,Royal Ontario Museum,,Arthropoda,Insecta,Diptera,Simuliidae,Simuliinae,,Helodon,Helodon decemarticulatus,,Patrick Schaefer,patrick.schaefer@utoronto.ca,,,,,Canada,Nunavut,Kitikmeot,Cambridge Bay,,69.117,-105.053,,,,,,,,,,,,,
NBPSI,NBPSI133-11,Sch_Hedec_03,Sch_Hedec_03,BOLD:AAC3678,,658[0n],4,,0[n],,,1,Yes,,,,03-Jul-10,Helodon decemarticulatus,I,3 vii 2010,,Royal Ontario Museum,,Arthropoda,Insecta,Diptera,Simuliidae,Simuliinae,,Helodon,Helodon decemarticulatus,,Patrick Schaefer,patrick.schaefer@utoronto.ca,,,,,Canada,Nunavut,Kitikmeot,Cambridge Bay,,69.117,-105.053,,,,,,,,,,,,,
NBPSI,NBPSI146-11,Sch_Mespp_01,Sch_Mespp_01,BOLD:AAB7193,,658[0n],4,,0[n],,,1,Yes,,,,11-Jul-10,Metacnephia saskatchewana,A,7-11 vii 2010,,Royal Ontario Museum,,Arthropoda,Insecta,Diptera,Simuliidae,Simuliinae,Simuliini,Metacnephia,Metacnephia saskatchewana,,Patrick Schaefer,patrick.schaefer@utoronto.ca,,,,,Canada,Nunavut,Kitikmeot,Cambridge Bay,,69.117,-105.053,,,,,,,,,,,,,
NBPSI,NBPSI147-11,Sch_Mespp_02,Sch_Mespp_02,BOLD:AAB7193,,658[0n],4,,0[n],,,1,Yes,,,,11-Jul-10,Metacnephia saskatchewana,A,7-11 vii 2010,,Royal Ontario Museum,,Arthropoda,Insecta,Diptera,Simuliidae,Simuliinae,Simuliini,Metacnephia,Metacnephia saskatchewana,,Patrick Schaefer,patrick.schaefer@utoronto.ca,,,,,Canada,Nunavut,Kitikmeot,Cambridge Bay,,69.117,-105.053,,,,,,,,,,,,,
NBPSI,NBPSI148-11,Sch_Mespp_03,Sch_Mespp_03,BOLD:AAB7193,,658[0n],4,,0[n],,,1,Yes,,,,11-Jul-10,Metacnephia saskatchewana,A,7-11 vii 2010,,Royal Ontario Museum,,Arthropoda,Insecta,Diptera,Simuliidae,Simuliinae,Simuliini,Metacnephia,Metacnephia saskatchewana,,Patrick Schaefer,patrick.schaefer@utoronto.ca,,,,,Canada,Nunavut,Kitikmeot,Cambridge Bay,,69.117,-105.053,,,,,,,,,,,,,
NBPSI,NBPSI149-11,Sch_Prmix_01,Sch_Prmix_01,BOLD:AAG7032,,658[0n],4,,0[n],,,1,Yes,,,,09-Jul-10,Prosimulium mixtum,A,6-9 vii 2010,,Royal Ontario Museum,,Arthropoda,Insecta,Diptera,Simuliidae,Simuliinae,Prosimuliini,Prosimulium,Prosimulium mixtum,,Patrick Schaefer,patrick.schaefer@utoronto.ca,,,,,Canada,Nunavut,,Iqaluit,,63.749,-68.52,,,,,,,,,,,,,
NBPSI,NBPSI150-11,Sch_Prmix_02,Sch_Prmix_02,BOLD:AAG7032,,658[0n],4,,0[n],,,1,Yes,,,,09-Jul-10,Prosimulium mixtum,A,6-9 vii 2010,,Royal Ontario Museum,,Arthropoda,Insecta,Diptera,Simuliidae,Simuliinae,Prosimuliini,Prosimulium,Prosimulium mixtum,,Patrick Schaefer,patrick.schaefer@utoronto.ca,,,,,Canada,Nunavut,,Iqaluit,,63.749,-68.52,,,,,,,,,,,,,
NBPSI,NBPSI151-11,Sch_Prmix_03,Sch_Prmix_03,BOLD:AAG7032,,658[0n],4,,0[n],,,1,Yes,,,,09-Jul-10,Prosimulium mixtum,A,6-9 vii 2010,,Royal Ontario Museum,,Arthropoda,Insecta,Diptera,Simuliidae,Simuliinae,Prosimuliini,Prosimulium,Prosimulium mixtum,,Patrick Schaefer,patrick.schaefer@utoronto.ca,,,,,Canada,Nunavut,,Iqaluit,,63.749,-68.52,,,,,,,,,,,,,
NBPSI,NBPSI143-11,Sch_Sianu_01,Sch_Sianu_01,BOLD:AAC3718,,658[0n],4,,0[n],,,1,Yes,,,,11-Jul-10,Simulium emarginatum,A,7-11 vii 2010,,Royal Ontario Museum,::taxonomy:annulus group::endTaxonomy:,Arthropoda,Insecta,Diptera,Simuliidae,Simuliinae,Simuliini,Simulium,Simulium emarginatum,,Patrick Schaefer,patrick.schaefer@utoronto.ca,,annulus group,,,Canada,Nunavut,,Iqaluit,,63.749,-68.52,,,,,,,,,,,,,
NBPSI,NBPSI144-11,Sch_Sianu_02,Sch_Sianu_02,BOLD:AAD9391,,658[0n],4,,0[n],,,1,Yes,,,,11-Jul-10,Simulium annulus,A,7-11 vii 2010,,Royal Ontario Museum,,Arthropoda,Insecta,Diptera,Simuliidae,Simuliinae,Simuliini,Simulium,Simulium annulus,,Patrick Schaefer,patrick.schaefer@utoronto.ca,,,,,Canada,Nunavut,,Iqaluit,,63.749,-68.52,,,,,,,,,,,,,
NBPSI,NBPSI145-11,Sch_Sianu_03,Sch_Sianu_03,BOLD:AAD9391,,658[0n],4,,0[n],,,1,Yes,,,,11-Jul-10,Simulium annulus,A,7-11 vii 2010,,Royal Ontario Museum,,Arthropoda,Insecta,Diptera,Simuliidae,Simuliinae,Simuliini,Simulium,Simulium annulus,,Patrick Schaefer,patrick.schaefer@utoronto.ca,,,,,Canada,Nunavut,,Iqaluit,,63.749,-68.52,,,,,,,,,,,,,
NBPSI,NBPSI140-11,Sch_Sidec_01,Sch_Sidec_01,BOLD:ACZ4859,,637[0n],4,,0[n],,,1,Yes,,,,09-Jul-10,Simulium decorum,A,6-9 vii 2010,,Royal Ontario Museum,,Arthropoda,Insecta,Diptera,Simuliidae,Simuliinae,Simuliini,Simulium,Simulium decorum,,Patrick Schaefer,patrick.schaefer@utoronto.ca,,,,,Canada,Nunavut,,Iqaluit,,63.749,-68.52,,,,,,,,,,,,,
NBPSI,NBPSI141-11,Sch_Sidec_02,Sch_Sidec_02,BOLD:ACZ4859,,658[0n],4,,0[n],,,1,Yes,,,,09-Jul-10,Simulium decorum,A,6-9 vii 2010,,Royal Ontario Museum,,Arthropoda,Insecta,Diptera,Simuliidae,Simuliinae,Simuliini,Simulium,Simulium decorum,,Patrick Schaefer,patrick.schaefer@utoronto.ca,,,,,Canada,Nunavut,,Iqaluit,,63.749,-68.52,,,,,,,,,,,,,
NBPSI,NBPSI142-11,Sch_Sidec_03,Sch_Sidec_03,BOLD:ACZ4859,,658[0n],4,,0[n],,,1,Yes,,,,11-Jul-10,Simulium decorum,A,7-11 vii 2010,,Royal Ontario Museum,,Arthropoda,Insecta,Diptera,Simuliidae,Simuliinae,Simuliini,Simulium,Simulium decorum,,Patrick Schaefer,patrick.schaefer@utoronto.ca,,,,,Canada,Nunavut,,Kugluktuk,,67.826,-115.095,,,,,,,,,,,,,
NBPSI,NBPSI137-11,Sch_Silmur_01,Sch_Silmur_01,BOLD:AAB5899,,658[0n],4,,0[n],,,1,Yes,,,,09-Jul-10,Simulium murmanum,A,6-9 vii 2010,,Royal Ontario Museum,,Arthropoda,Insecta,Diptera,Simuliidae,Simuliinae,Simuliini,Simulium,Simulium murmanum,,Patrick Schaefer,patrick.schaefer@utoronto.ca,,,,,Canada,Nunavut,Kitikmeot,Kugluktuk,,67.826,-115.095,,,,,,,,,,,,,
NBPSI,NBPSI138-11,Sch_Silmur_02,Sch_Silmur_02,BOLD:AAB5899,,658[0n],4,,0[n],,,1,Yes,,,,09-Jul-10,Simulium murmanum,A,6-9 vii 2010,,Royal Ontario Museum,,Arthropoda,Insecta,Diptera,Simuliidae,Simuliinae,Simuliini,Simulium,Simulium murmanum,,Patrick Schaefer,patrick.schaefer@utoronto.ca,,,,,Canada,Nunavut,Kitikmeot,Kugluktuk,,67.826,-115.095,,,,,,,,,,,,,
NBPSI,NBPSI139-11,Sch_Silmur_03,Sch_Silmur_03,BOLD:AAB5899,,658[0n],4,,0[n],,,1,Yes,,,,09-Jul-10,Simulium murmanum,A,6-9 vii 2010,,Royal Ontario Museum,,Arthropoda,Insecta,Diptera,Simuliidae,Simuliinae,Simuliini,Simulium,Simulium murmanum,,Patrick Schaefer,patrick.schaefer@utoronto.ca,,,,,Canada,Nunavut,Kitikmeot,Kugluktuk,,67.826,-115.095,,,,,,,,,,,,,
NBPSI,NBPSI134-11,Sch_Sisil_01,Sch_Sisil_01,BOLD:AAA8323,,658[0n],4,,0[n],,,1,Yes,,,,07-Jul-10,Simulium silvestre,I,7 vii 2010,,Royal Ontario Museum,,Arthropoda,Insecta,Diptera,Simuliidae,Simuliinae,Simuliini,Simulium,Simulium silvestre,,Patrick Schaefer,patrick.schaefer@utoronto.ca,,,,,Canada,Nunavut,Kitikmeot,Kugluktuk,,67.826,-115.095,,,,,,,,,,,,,
NBPSI,NBPSI135-11,Sch_Sisil_02,Sch_Sisil_02,BOLD:AAA8323,,658[0n],4,,0[n],,,1,Yes,,,,07-Jul-10,Simulium silvestre,I,7 vii 2010,,Royal Ontario Museum,,Arthropoda,Insecta,Diptera,Simuliidae,Simuliinae,Simuliini,Simulium,Simulium silvestre,,Patrick Schaefer,patrick.schaefer@utoronto.ca,,,,,Canada,Nunavut,Kitikmeot,Kugluktuk,,67.826,-115.095,,,,,,,,,,,,,
NBPSI,NBPSI136-11,Sch_Sisil_03,Sch_Sisil_03,BOLD:AAA8323,,625[0n],4,,0[n],,,1,Yes,,,,07-Jul-10,Simulium silvestre,I,7 vii 2010,,Royal Ontario Museum,,Arthropoda,Insecta,Diptera,Simuliidae,Simuliinae,Simuliini,Simulium,Simulium silvestre,,Patrick Schaefer,patrick.schaefer@utoronto.ca,,,,,Canada,Nunavut,Kitikmeot,Kugluktuk,,67.826,-115.095,,,,,,,,,,,,,
NBPSI,NBPSI152-11,Sch_Sisp1_01,Sch_Sisp1_01,BOLD:AAB1117,,658[0n],4,,0[n],,,1,Yes,,,,03-Jul-10,Simulium furculatum,I,3 vii 2010,,Royal Ontario Museum,,Arthropoda,Insecta,Diptera,Simuliidae,Simuliinae,Simuliini,Simulium,Simulium furculatum,,Patrick Schaefer,patrick.schaefer@utoronto.ca,,,,,Canada,Nunavut,Kitikmeot,Kugluktuk,,67.826,-115.095,,,,,,,,,,,,,
NBPSI,NBPSI153-11,Sch_Sisp1_02,Sch_Sisp1_02,BOLD:AAB1117,,658[0n],4,,0[n],,,1,Yes,,,,03-Jul-10,Simulium furculatum,I,3 vii 2010,,Royal Ontario Museum,,Arthropoda,Insecta,Diptera,Simuliidae,Simuliinae,Simuliini,Simulium,Simulium furculatum,,Patrick Schaefer,patrick.schaefer@utoronto.ca,,,,,Canada,Nunavut,Kitikmeot,Kugluktuk,,67.826,-115.095,,,,,,,,,,,,,
NBPSI,NBPSI154-11,Sch_Sisp1_03,Sch_Sisp1_03,BOLD:AAB1117,,658[0n],4,,0[n],,,1,Yes,,,,03-Jul-10,Simulium furculatum,I,3 vii 2010,,Royal Ontario Museum,,Arthropoda,Insecta,Diptera,Simuliidae,Simuliinae,Simuliini,Simulium,Simulium furculatum,,Patrick Schaefer,patrick.schaefer@utoronto.ca,,,,,Canada,Nunavut,Kitikmeot,Kugluktuk,,67.826,-115.095,,,,,,,,,,,,,
NBPSI,NBPSI128-11,Sch_Twtib_01,Sch_Twtib_01,BOLD:AAZ8051,,658[0n],4,,0[n],,,1,Yes,,,,29-Jul-10,Twinnia tibblesi,I,29 vii 2010,,Royal Ontario Museum,,Arthropoda,Insecta,Diptera,Simuliidae,Simuliinae,,Twinnia,Twinnia tibblesi,,Patrick Schaefer,patrick.schaefer@utoronto.ca,,,,,Canada,Nunavut,Kitikmeot,Kugluktuk,,67.826,-115.095,,,,,,,,,,,,,
NBPSI,NBPSI129-11,Sch_Twtib_02,Sch_Twtib_02,BOLD:AAZ8051,,658[0n],4,,0[n],,,1,Yes,,,,29-Jul-10,Twinnia tibblesi,I,29 vii 2010,,Royal Ontario Museum,,Arthropoda,Insecta,Diptera,Simuliidae,Simuliinae,,Twinnia,Twinnia tibblesi,,Patrick Schaefer,patrick.schaefer@utoronto.ca,,,,,Canada,Ontario,,,,51.272,-80.643,,,,,,,,,,,,,
NBPSI,NBPSI130-11,Sch_Twtib_03,Sch_Twtib_03,BOLD:AAZ8051,,658[0n],4,,0[n],,,1,Yes,,,,29-Jul-10,Twinnia tibblesi,I,29 vii 2010,,Royal Ontario Museum,,Arthropoda,Insecta,Diptera,Simuliidae,Simuliinae,,Twinnia,Twinnia tibblesi,,Patrick Schaefer,patrick.schaefer@utoronto.ca,,,,,Canada,Ontario,,,,51.272,-80.643,,,,,,,,,,,,,
NBPSI,NBPSI287-13,StemeBk01_COI,StemeBk01_COI,BOLD:ACJ5631,,609[0n],,,561[0n],,,,No,,,,,Stegopterna emergens,,,,Royal Ontario Museum,,Arthropoda,Insecta,Diptera,Simuliidae,Simuliinae,,Stegopterna,Stegopterna emergens,,Patrick Schaefer,patrick.schaefer@utoronto.ca,,,,,Canada,Ontario,,,,51.272,-80.643,,,,,,,,,,,,,
NBPSI,NBPSI288-13,StemeBk03_COI,StemeBk03_COI,BOLD:ACJ5631,,609[0n],,,561[0n],,,,No,,,,,Stegopterna emergens,,,,Royal Ontario Museum,,Arthropoda,Insecta,Diptera,Simuliidae,Simuliinae,,Stegopterna,Stegopterna emergens,,Patrick Schaefer,patrick.schaefer@utoronto.ca,,,,,Canada,Ontario,,,,51.272,-80.643,,,,,,,,,,,,,
NBPSI,NBPSI289-13,StemeBk04_COI,StemeBk04_COI,BOLD:ACJ5631,,609[0n],,,561[5n],,,,No,,,,,Stegopterna emergens,,,,Royal Ontario Museum,,Arthropoda,Insecta,Diptera,Simuliidae,Simuliinae,,Stegopterna,Stegopterna emergens,,Patrick Schaefer,patrick.schaefer@utoronto.ca,,,,,Canada,Ontario,,,,51.272,-80.643,,,,,,,,,,,,,
NBPSI,NBPSI290-13,StemeBk05_COI,StemeBk05_COI,BOLD:ACJ5835,,609[4n],,,0[n],,,,No,,,,,Stegopterna emergens,,,,Royal Ontario Museum,,Arthropoda,Insecta,Diptera,Simuliidae,Simuliinae,,Stegopterna,Stegopterna emergens,,Patrick Schaefer,patrick.schaefer@utoronto.ca,,,,,Canada,Northwest Territories,,,,65.281,-126.831,,,,,,,,,,,,,
NBPSI,NBPSI291-13,StemeBk06_COI,StemeBk06_COI,,,0[n],,,0[n],,,,No,,,,,Stegopterna emergens,,,,Royal Ontario Museum,,Arthropoda,Insecta,Diptera,Simuliidae,Simuliinae,,Stegopterna,Stegopterna emergens,,Patrick Schaefer,patrick.schaefer@utoronto.ca,,,,,Canada,Northwest Territories,,,,65.281,-126.831,,,,,,,,,,,,,
NBPSI,NBPSI292-13,StemeBk06_COI(3),StemeBk06_COI(3),,,0[n],,,0[n],,,,No,,,,,Stegopterna emergens,,,,Royal Ontario Museum,,Arthropoda,Insecta,Diptera,Simuliidae,Simuliinae,,Stegopterna,Stegopterna emergens,,Patrick Schaefer,patrick.schaefer@utoronto.ca,,,,,Canada,Northwest Territories,,,,65.281,-126.831,,,,,,,,,,,,,
NBPSI,NBPSI295-13,StemeBk07_COI,StemeBk07_COI,BOLD:ACJ5631,,609[0n],,,0[n],,,,No,,,,,Stegopterna emergens,,,,Royal Ontario Museum,,Arthropoda,Insecta,Diptera,Simuliidae,Simuliinae,,Stegopterna,Stegopterna emergens,,Patrick Schaefer,patrick.schaefer@utoronto.ca,,,,,Canada,Northwest Territories,,,,65.281,-126.831,,,,,,,,,,,,,
NBPSI,NBPSI296-13,StemeBk08_COI,StemeBk08_COI,BOLD:ACJ5631,,609[0n],,,561[7n],,,,No,,,,,Stegopterna emergens,,,,Royal Ontario Museum,,Arthropoda,Insecta,Diptera,Simuliidae,Simuliinae,,Stegopterna,Stegopterna emergens,,Patrick Schaefer,patrick.schaefer@utoronto.ca,,,,,Canada,Northwest Territories,,,,65.281,-126.831,,,,,,,,,,,,,
NBPSI,NBPSI297-13,StemeBk09_COI,StemeBk09_COI,BOLD:ACJ5631,,609[0n],,,450[2n],,,,No,,,,,Stegopterna emergens,,,,Royal Ontario Museum,,Arthropoda,Insecta,Diptera,Simuliidae,Simuliinae,,Stegopterna,Stegopterna emergens,,Patrick Schaefer,patrick.schaefer@utoronto.ca,,,,,Canada,Northwest Territories,,,,65.281,-126.831,,,,,,,,,,,,,
NBPSI,NBPSI298-13,StemeBk10_COI,StemeBk10_COI,BOLD:ACJ5631,,609[0n],,,561[5n],,,,No,,,,,Stegopterna emergens,,,,Royal Ontario Museum,,Arthropoda,Insecta,Diptera,Simuliidae,Simuliinae,,Stegopterna,Stegopterna emergens,,Patrick Schaefer,patrick.schaefer@utoronto.ca,,,,,Canada,Northwest Territories,,,,65.281,-126.831,,,,,,,,,,,,,
NBPSI,NBPSI301-13,StemeCb01_COI,StemeCb01_COI,BOLD:ACJ5631,,609[0n],,,561[0n],,,,No,,,,,Stegopterna emergens,,,,Royal Ontario Museum,,Arthropoda,Insecta,Diptera,Simuliidae,Simuliinae,,Stegopterna,Stegopterna emergens,,Patrick Schaefer,patrick.schaefer@utoronto.ca,,,,,Canada,Northwest Territories,,,,65.281,-126.831,,,,,,,,,,,,,
NBPSI,NBPSI302-13,StemeCb02_COI,StemeCb02_COI,BOLD:ACJ5631,,609[0n],,,561[9n],,,,No,,,,,Stegopterna emergens,,,,Royal Ontario Museum,,Arthropoda,Insecta,Diptera,Simuliidae,Simuliinae,,Stegopterna,Stegopterna emergens,,Patrick Schaefer,patrick.schaefer@utoronto.ca,,,,,Canada,Northwest Territories,,,,65.281,-126.831,,,,,,,,,,,,,
NBPSI,NBPSI303-13,StemeCb03_COI,StemeCb03_COI,BOLD:ACJ5631,,609[0n],,,561[0n],,,,No,,COII,,,Stegopterna emergens,,,,Royal Ontario Museum,,Arthropoda,Insecta,Diptera,Simuliidae,Simuliinae,,Stegopterna,Stegopterna emergens,,Patrick Schaefer,patrick.schaefer@utoronto.ca,,,P. Schaefer,01-Jul-10,Canada,Nunavut,,,,63.749,-68.52,,,,,,,,,,,,,
NBPSI,NBPSI304-13,StemeCb04_COI,StemeCb04_COI,BOLD:ACJ5631,,609[0n],,,561[5n],,,,No,,,,,Stegopterna emergens,,,,Royal Ontario Museum,,Arthropoda,Insecta,Diptera,Simuliidae,Simuliinae,,Stegopterna,Stegopterna emergens,,Patrick Schaefer,patrick.schaefer@utoronto.ca,,,P. Schaefer,01-Jul-11,Canada,Nunavut,Kitikmeot,Kugluktuk,,67.826,-115.095,,,,,,,,,,,,,
NBPSI,NBPSI305-13,StemeCb05_COI,StemeCb05_COI,BOLD:ACJ5631,,609[0n],,,0[n],,,,No,,,,,Stegopterna emergens,,,,Royal Ontario Museum,,Arthropoda,Insecta,Diptera,Simuliidae,Simuliinae,,Stegopterna,Stegopterna emergens,,Patrick Schaefer,patrick.schaefer@utoronto.ca,,,P. Schaefer,01-Jul-11,Canada,Nunavut,Kitikmeot,Kugluktuk,,67.826,-115.095,,,,,,,,,,,,,
NBPSI,NBPSI308-13,StemeCb10_COI,StemeCb10_COI,BOLD:ACJ5631,,609[0n],,,561[6n],,,,No,,,,,Stegopterna emergens,,,,Royal Ontario Museum,,Arthropoda,Insecta,Diptera,Simuliidae,Simuliinae,,Stegopterna,Stegopterna emergens,,Patrick Schaefer,patrick.schaefer@utoronto.ca,,,P. Schaefer,01-Jul-11,Canada,Nunavut,Kitikmeot,Kugluktuk,,67.826,-115.095,,,,,,,,,,,,,
NBPSI,NBPSI309-13,StemeCb10_COI(2),StemeCb10_COI(2),BOLD:ACJ5631,,609[0n],,,0[n],,,,No,,,,,Stegopterna emergens,,,,Royal Ontario Museum,,Arthropoda,Insecta,Diptera,Simuliidae,Simuliinae,,Stegopterna,Stegopterna emergens,,Patrick Schaefer,patrick.schaefer@utoronto.ca,,,P. Schaefer,01-Jul-11,Canada,Nunavut,Kitikmeot,Kugluktuk,,67.826,-115.095,,,,,,,,,,,,,
NBPSI,NBPSI326-13,StemeKg01_COI,StemeKg01_COI,BOLD:ACJ5631,,609[0n],,,0[n],,,,No,,,,,Stegopterna emergens,,,,Royal Ontario Museum,,Arthropoda,Insecta,Diptera,Simuliidae,Simuliinae,,Stegopterna,Stegopterna emergens,,Patrick Schaefer,patrick.schaefer@utoronto.ca,,,P. Schaefer,01-Jul-11,Canada,Nunavut,Kitikmeot,Kugluktuk,,67.826,-115.095,,,,,,,,,,,,,
NBPSI,NBPSI336-13,StemeKg10_COI,StemeKg10_COI,BOLD:ADN3054,,609[0n],,,561[4n],,,,No,,,,,Stegopterna emergens,,,,Royal Ontario Museum,,Arthropoda,Insecta,Diptera,Simuliidae,Simuliinae,,Stegopterna,Stegopterna emergens,,Patrick Schaefer,patrick.schaefer@utoronto.ca,,,D. Currie,01-Jun-11,Canada,Northwest Territories,,,,65.281,-126.831,,,,,,,,,,,,,
NBPSI,NBPSI352-14,StemeKg11_COI,StemeKg11_COI,BOLD:ACJ5631,,596[0n],,,562[2n],,,,No,,COII,,01-Jul-11,Stegopterna emergens,,,,Royal Ontario Museum,,Arthropoda,Insecta,Diptera,Simuliidae,Simuliinae,,Stegopterna,Stegopterna emergens,,P. Schaefer,patrick.schaefer@mail.utoronto.ca,,,D. Currie,01-Jun-11,Canada,Northwest Territories,,,,65.281,-126.831,,,,,,,,,,,,,
NBPSI,NBPSI353-14,StemeKg12_COI,StemeKg12_COI,BOLD:ACJ5631,,596[0n],,,562[0n],,,,No,,COII,,01-Jul-11,Stegopterna emergens,,,,Royal Ontario Museum,,Arthropoda,Insecta,Diptera,Simuliidae,Simuliinae,,Stegopterna,Stegopterna emergens,,P. Schaefer,patrick.schaefer@mail.utoronto.ca,,,D. Currie,01-Jun-11,Canada,Northwest Territories,,,,65.281,-126.831,,,,,,,,,,,,,
NBPSI,NBPSI354-14,StemeKg14_COI,StemeKg14_COI,BOLD:ACJ5631,,596[0n],,,562[2n],,,,No,,COII,,01-Jul-11,Stegopterna emergens,,,,Royal Ontario Museum,,Arthropoda,Insecta,Diptera,Simuliidae,Simuliinae,,Stegopterna,Stegopterna emergens,,P. Schaefer,patrick.schaefer@mail.utoronto.ca,,,D. Currie,01-Jun-11,Canada,Northwest Territories,,,,65.281,-126.831,,,,,,,,,,,,,
NBPSI,NBPSI355-14,StemeKg15_COI,StemeKg15_COI,BOLD:ACJ5631,,596[0n],,,562[0n],,,,No,,COII,,01-Jul-11,Stegopterna emergens,,,,Royal Ontario Museum,,Arthropoda,Insecta,Diptera,Simuliidae,Simuliinae,,Stegopterna,Stegopterna emergens,,P. Schaefer,patrick.schaefer@mail.utoronto.ca,,,D. Currie,01-Jun-11,Canada,Northwest Territories,,,,65.281,-126.831,,,,,,,,,,,,,
NBPSI,NBPSI356-14,StemeKg16_COI,StemeKg16_COI,BOLD:ACJ5631,,596[0n],,,562[0n],,,,No,,COII,,01-Jul-11,Stegopterna emergens,,,,Royal Ontario Museum,,Arthropoda,Insecta,Diptera,Simuliidae,Simuliinae,,Stegopterna,Stegopterna emergens,,P. Schaefer,patrick.schaefer@mail.utoronto.ca,,,D. Currie,01-Jun-11,Canada,Northwest Territories,,,,65.281,-126.831,,,,,,,,,,,,,
