catalogNumber,recordedBy,individualCount,lifeStage,preparations,kingdom,phylum,class,order,family,genus,specificEpithet,scientificNameAuthorship,scientificName,eventId,eventDate,beginDate,endDate,verbatimEventDate,continent,country,stateProvince,locality,latitude,longitude,verbatimLatitude,verbatimLongitude,samplingProtocol,eventRemarks
ROME205220,P. Schaefer,100,Larvae,Fluid,Animalia,Arthropoda,Insecta,Diptera,Simuliidae,Cnephia,dacotenis,"(Dyar & Shannon, 1927)","Cnephia dacotenis (Dyar & Shannon, 1927)",ROM002010272,2010-07-03,2010-07-03,2010-07-03,3 Jul 2010,North America,Canada,Manitoba,Ramsay Creek at outlet of Ramsay Lake,58.7288167,-93.7832667,58°43.729'N,93°46.996'W,Aquatic,
ROME205221,P. Schaefer,30,Larvae,Fluid,Animalia,Arthropoda,Insecta,Diptera,Simuliidae,Cnephia,eremites,"Shewell, 1952","Cnephia eremites Shewell, 1952",ROM002011165,2011-06-08,2011-06-08,2011-06-08,8 Jun 2011,North America,Canada,Northwest Territories,"30cm Lake Outflow, km50 of Ingraham Trail",62.5262667,-113.8377167,62°31.576'N,113°50.263'W,General,
ROME205222,P. Schaefer,4,Larvae,Fluid,Animalia,Arthropoda,Insecta,Diptera,Simuliidae,Cnephia,eremites,"Shewell, 1952","Cnephia eremites Shewell, 1952",ROM002011167,2011-06-09,2011-06-09,2011-06-09,9 Jun 2011,North America,Canada,Northwest Territories,"2m brown water creek at crossing with Hwy.3, 15km west of Yellowknife",62.4764167,-114.97095,62°28.585'N,114°58.257'W,General,
ROME205223,P. Schaefer,8,Larvae,Fluid,Animalia,Arthropoda,Insecta,Diptera,Simuliidae,Cnephia,eremites,"Shewell, 1952","Cnephia eremites Shewell, 1952",ROM002011169,2011-06-09,2011-06-09,2011-06-09,9 Jun 2011,North America,Canada,Northwest Territories,"Beaver Pond Outflow, at crossing with Hwy.3, 28km west of Yellowknife",62.5245667,-115.2060667,62°31.474'N,115°12.364'W,General,
ROME205224,P. Schaefer,1,Larvae,Fluid,Animalia,Arthropoda,Insecta,Diptera,Simuliidae,Cnephia,eremites,"Shewell, 1952","Cnephia eremites Shewell, 1952",ROM002011172,2011-06-12,2011-06-12,2011-06-12,12 Jun 2011,North America,Canada,Northwest Territories,Hill Creek at crossing with Hwy.4,62.73565,-115.6958333,62°44.139'N,115°41.75'W,General,
ROME205225,P. Schaefer,60,Larvae,Fluid,Animalia,Arthropoda,Insecta,Diptera,Simuliidae,Cnephia,eremites,"Shewell, 1952","Cnephia eremites Shewell, 1952",ROM002011186,2011-07-08,2011-07-08,2011-07-08,8 Jul 2011,North America,Canada,Nunavut,"Cambridge Bay, Pond Outflow along DEW Line Rd",69.1580167,-105.1911667,69°9.481'N,105°11.47'W,General,
ROME205226,P. Schaefer,1,Larvae,Fluid,Animalia,Arthropoda,Insecta,Diptera,Simuliidae,Cnephia,eremites,"Shewell, 1952","Cnephia eremites Shewell, 1952",ROM002011190,2011-07-16,2011-07-16,2011-07-16,16 Jul 2011,North America,Canada,Nunavut,"Cambridge Bay, Small pond outflow on West Arm",69.0993167,-105.2226833,69°5.959'N,105°13.361'W,General,
ROME205227,P. Schaefer,100,Larvae,Fluid,Animalia,Arthropoda,Insecta,Diptera,Simuliidae,Cnephia,eremites,"Shewell, 1952","Cnephia eremites Shewell, 1952",ROM002011191,2011-07-12,2011-07-12,2011-07-12,12 Jul 2011,North America,Canada,Nunavut,"Cambridge Bay, Ice melt flow into ocean along beach E. town",69.08735,-104.9389167,69°5.241'N,104°56.335'W,General,
ROME205228,P. Schaefer,150,Larvae,Fluid,Animalia,Arthropoda,Insecta,Diptera,Simuliidae,Cnephia,eremites,"Shewell, 1952","Cnephia eremites Shewell, 1952",ROM002011192,2011-07-13,2011-07-13,2011-07-13,13 Jul 2011,North America,Canada,Nunavut,"Cambridge Bay, Small ice melt stream into ocean next to large river west of town",69.1448667,-105.4879333,69°8.692'N,105°29.276'W,General,
ROME205229,P. Schaefer,300,Larvae,Fluid,Animalia,Arthropoda,Insecta,Diptera,Simuliidae,Cnephia,eremites,"Shewell, 1952","Cnephia eremites Shewell, 1952",ROM002011196,2011-07-16,2011-07-16,2011-07-16,16 Jul 2011,North America,Canada,Nunavut,"Cambridge Bay, Pond outflow 1km west of town, near golf course",69.1115833,-105.0882333,69°6.695'N,105°5.294'W,General,
ROME205230,P. Schaefer,60,Larvae,Fluid,Animalia,Arthropoda,Insecta,Diptera,Simuliidae,Cnephia,eremites,"Shewell, 1952","Cnephia eremites Shewell, 1952",ROM002011197,2011-07-16,2011-07-16,2011-07-16,16 Jul 2011,North America,Canada,Nunavut,"Cambridge Bay, Pond outflow on DEW Line Rd",69.1950667,-105.2076,69°11.704'N,105°12.456'W,General,
ROME205231,P. Schaefer,300,Larvae,Fluid,Animalia,Arthropoda,Insecta,Diptera,Simuliidae,Cnephia,eremites,"Shewell, 1952","Cnephia eremites Shewell, 1952",ROM002011198,2011-07-16,2011-07-16,2011-07-16,16 Jul 2011,North America,Canada,Nunavut,"Cambridge Bay, Pond outflow on DEW Line Rd, on NW side DEW Line station",69.1193833,-105.1277667,69°7.163'N,105°7.666'W,General,
ROME205232,P. Schaefer,30,Larvae,Fluid,Animalia,Arthropoda,Insecta,Diptera,Simuliidae,Cnephia,eremites,"Shewell, 1952","Cnephia eremites Shewell, 1952",ROM002011201,2011-07-17,2011-07-17,2011-07-17,17 Jul 2011,North America,Canada,Nunavut,"Cambridge Bay, Pond outflow E. Old Town",69.1253,-104.9993833,69°7.518'N,104°59.963'W,General,
ROME205233,P. Schaefer,200,Larvae,Fluid,Animalia,Arthropoda,Insecta,Diptera,Simuliidae,Cnephia,eremites,"Shewell, 1952","Cnephia eremites Shewell, 1952",ROM002011203,2011-07-17,2011-07-17,2011-07-17,17 Jul 2011,North America,Canada,Nunavut,"Cambridge Bay, Roadside trickle west of town just before Western Arm",69.1075833,-105.2288833,69°6.455'N,105°13.733'W,General,
ROME205234,Doug Currie; P. Schaefer,6,Larvae; Pupae,Fluid,Animalia,Arthropoda,Insecta,Diptera,Simuliidae,Cnephia,eremites,"Shewell, 1952","Cnephia eremites Shewell, 1952",ROM002012200,2012-07-22,2012-07-22,2012-07-22,22 Jul 2012,North America,Canada,Nunavut,"Cambridge Bay, 0.75m wide, warm pond outflow immediately E. twin bridges",69.1254833,-104.9987333,69°7.529'N,104°59.924'W,Aquatic,"Site 1:  warm clear water, rock and veg substrate, med flow, 11°C."
ROME205235,Doug Currie; P. Schaefer,15,Larvae; Pupae,Fluid,Animalia,Arthropoda,Insecta,Diptera,Simuliidae,Cnephia,eremites,"Shewell, 1952","Cnephia eremites Shewell, 1952",ROM002012203,2012-07-23,2012-07-23,2012-07-23,23 Jul 2012,North America,Canada,Nunavut,"Cambridge Bay, 8m wide stream between 2 ponds",69.1787,-104.82325,69°10.722'N,104°49.395'W,Aquatic,"Site 5:  100m long, moderate flow, highly productive, 13°C"
ROME205236,Doug Currie; P. Schaefer,100,Larvae; Pupae,Fluid,Animalia,Arthropoda,Insecta,Diptera,Simuliidae,Cnephia,eremites,"Shewell, 1952","Cnephia eremites Shewell, 1952",ROM002012207,2012-07-24,2012-07-24,2012-07-24,24 Jul 2012,North America,Canada,Nunavut,"1m wide pond outflow 1 km west of Cambridge Bay, near golf course",69.1112667,-105.0880667,69°6.676'N,105°5.284'W,Aquatic,"Site 9: clear water, very productive, moderate flow, rock and veg substrate, 16°C"
ROME205237,Doug Currie; P. Schaefer,30,Pupae,Fluid,Animalia,Arthropoda,Insecta,Diptera,Simuliidae,Cnephia,eremites,"Shewell, 1952","Cnephia eremites Shewell, 1952",ROM002012208,2012-07-25,2012-07-25,2012-07-25,25 Jul 2012,North America,Canada,Nunavut,"Cambridge Bay, 1.0-1.5m wide outlet tundra pond near DEW line station",69.1195,-105.1278,69°7.17'N,105°7.668'W,Aquatic,"Site 10:  clear water, slow to moderate flow, rock and veg substrate, 12°C"
ROME205238,Doug Currie; P. Schaefer,2,Larvae; Pupae,Fluid,Animalia,Arthropoda,Insecta,Diptera,Simuliidae,Cnephia,eremites,"Shewell, 1952","Cnephia eremites Shewell, 1952",ROM002012209,2012-07-25,2012-07-25,2012-07-25,25 Jul 2012,North America,Canada,Nunavut,"Cambridge Bay, 6m wide tundra pond outlet along DEW line road",69.1581667,-105.19165,69°9.49'N,105°11.499'W,Aquatic,"Site 11:  100m long, clear, fast water, rock and veg substrate, 13°C"
ROME205239,Doug Currie; P. Schaefer,6,Larvae; Pupae,Fluid,Animalia,Arthropoda,Insecta,Diptera,Simuliidae,Cnephia,eremites,"Shewell, 1952","Cnephia eremites Shewell, 1952",ROM002012210,2012-07-25,2012-07-25,2012-07-25,25 Jul 2012,North America,Canada,Nunavut,"Cambridge Bay, 1m wide outlet to tundra pond",69.1949167,-105.2075167,69°11.695'N,105°12.451'W,Aquatic,"Site 12:  clear water, moderate flow, mostly grass some rock substrate, 13°C"
ROME205240,Doug Currie; P. Schaefer,50,Larvae; Pupae,Fluid,Animalia,Arthropoda,Insecta,Diptera,Simuliidae,Cnephia,eremites,"Shewell, 1952","Cnephia eremites Shewell, 1952",ROM002012211,2012-07-25,2012-07-25,2012-07-25,25 Jul 2012,North America,Canada,Nunavut,"Cambridge Bay, 2m wide stream between two tundra ponds",69.2194833,-105.2163333,69°13.169'N,105°12.98'W,Aquatic,"Site 13:  clear, moderate flow, grass and rock substrate, 13°C"
ROME205241,Doug Currie; P. Schaefer,1,Exuviae,Fluid,Animalia,Arthropoda,Insecta,Diptera,Simuliidae,Cnephia,eremites,"Shewell, 1952","Cnephia eremites Shewell, 1952",ROM002012217,2012-07-27,2012-07-27,2012-07-27,27 Jul 2012,North America,Canada,Nunavut,1-2m wide inflow into Byron Bay,68.9448667,-108.5352167,68°56.692'N,108°32.113'W,Aquatic,"Site 19:  Clear, moderate flow, rock and grass substrate, 10°C"
ROME205242,Doug Currie; P. Schaefer,30,Exuviae; Pupae,Fluid,Animalia,Arthropoda,Insecta,Diptera,Simuliidae,Cnephia,eremites,"Shewell, 1952","Cnephia eremites Shewell, 1952",ROM002012214,2012-07-27,2012-07-27,2012-07-27,27 Jul 2012,North America,Canada,Nunavut,2-4m wide inflow to Mad Dog Lake,69.3639,-108.75045,69°21.834'N,108°45.027'W,Aquatic,"Site 16:  tumbling stream, clear water, fast flow, mostly rock substrate, 10°C"
ROME205243,Doug Currie; P. Schaefer,6,Larvae; Exuviae; Pupae,Fluid,Animalia,Arthropoda,Insecta,Diptera,Simuliidae,Cnephia,eremites,"Shewell, 1952","Cnephia eremites Shewell, 1952",ROM002012218,2012-07-28,2012-07-28,2012-07-28,28 Jul 2012,North America,Canada,Nunavut,0.5m wide pond outlet,69.7703,-108.15835,69°46.218'N,108°9.501'W,Aquatic,Site 20
ROME205244,,1,Larvae,Fluid,Animalia,Arthropoda,Insecta,Diptera,Simuliidae,Cnephia,eremites,"Shewell, 1952","Cnephia eremites Shewell, 1952",ROM002012201,2012-07-23,2012-07-23,2012-07-23,23 Jul 2012,North America,Canada,Nunavut,"Cambridge Bay, 12-15m wide inlet to Grenier Lake",69.2052833,-104.7778,69°12.317'N,104°46.668'W,Aquatic,"Site 3:  clear, rocky substrate, fast flow, 12°C"
ROME205245,Doug Currie; P. Schaefer,4,Larvae; Pupae,Fluid,Animalia,Arthropoda,Insecta,Diptera,Simuliidae,Cnephia,eremites,"Shewell, 1952","Cnephia eremites Shewell, 1952",ROM002012223,2012-07-29,2012-07-29,2012-07-29,29 Jul 2012,North America,Canada,Nunavut,0.2m wide small lake inlet,69.8309,-105.7602167,69°49.854'N,105°45.613'W,Aquatic,"Site 25:  clear water, grassy substrate, slow to moderate flow, 7°C"
ROME205246,Doug Currie; P. Schaefer,1,Exuviae,Fluid,Animalia,Arthropoda,Insecta,Diptera,Simuliidae,Cnephia,eremites,"Shewell, 1952","Cnephia eremites Shewell, 1952",ROM002012230,2012-07-31,2012-07-31,2012-07-31,31 Jul 2012,North America,Canada,Nunavut,4m wide inflow to Merkly Lake,69.8154833,-108.0124833,69°48.929'N,108°0.749'W,Aquatic,"Site 32:  rocky bottom stream, moderate flow, clear water, very productive, larvae mostly on trailing grass, some rock, 10°C"
ROME205247,Doug Currie; P. Schaefer,50,Larvae,Fluid,Animalia,Arthropoda,Insecta,Diptera,Simuliidae,Cnephia,eremites,"Shewell, 1952","Cnephia eremites Shewell, 1952",ROM002012231,2012-07-31,2012-07-31,2012-07-31,31 Jul 2012,North America,Canada,Nunavut,1-2m wide inflow to Merkly Lake near the Narrows,69.72455,-107.5165,69°43.473'N,107°30.99'W,Aquatic,"Site 33:  silty, moderate flow, silty water, very productive, larvae mostly on trailing grass, 11°C"
ROME205248,Doug Currie; P. Schaefer,3,Larvae; Exuviae; Pupae,Fluid,Animalia,Arthropoda,Insecta,Diptera,Simuliidae,Cnephia,eremites,"Shewell, 1952","Cnephia eremites Shewell, 1952",ROM002012236,2012-08-01,2012-08-01,2012-08-01,1 Aug 2012,North America,Canada,Nunavut,0.1-0.2m wide trickle through grass,69.5426833,-103.2942167,69°32.561'N,103°17.653'W,Aquatic,"Site 38:  moderate flow, very deep, brown water, grass substrate"
ROME205250,P. Schaefer,1,Pupae,Fluid,Animalia,Arthropoda,Insecta,Diptera,Simuliidae,Gymnopais,holopticoides,"Wood, 1978","Gymnopais holopticoides Wood, 1978",ROM002010227,2010-07-18,2010-07-18,2010-07-18,18 Jul 2010,North America,Canada,Nunavut,"Airport Cr near end of Upperbase Rd, 5m str",63.7905333,-68.5673667,63°47.432'N,68°34.042'W,,
ROME205251,P. Schaefer,10,Larvae,Fluid,Animalia,Arthropoda,Insecta,Diptera,Simuliidae,Gymnopais,holopticoides,"Wood, 1978","Gymnopais holopticoides Wood, 1978",ROM002010230,2010-07-19,2010-07-19,2010-07-19,19 Jul 2010,North America,Canada,Nunavut,"Trickle originating from snow melt at end of Upperbase road, 50-100mm stream",63.7934833,-68.56625,63°47.609'N,68°33.975'W,,
ROME205252,P. Schaefer,20,Larvae; Pupae,Fluid,Animalia,Arthropoda,Insecta,Diptera,Simuliidae,Gymnopais,holopticoides,"Wood, 1978","Gymnopais holopticoides Wood, 1978",ROM002010232,2010-07-19,2010-07-19,2010-07-19,19 Jul 2010,North America,Canada,Nunavut,"Trib of Airport Cr. At Upperbase road, 50cm stream",63.7904833,-68.5654833,63°47.429'N,68°33.929'W,,
ROME205253,Doug Currie; P. Schaefer,100,Larvae; Pupae,Fluid,Animalia,Arthropoda,Insecta,Diptera,Simuliidae,Gymnopais,holopticoides,"Wood, 1978","Gymnopais holopticoides Wood, 1978",ROM002012228,2012-07-30,2012-07-30,2012-07-30,30 Jul 2012,North America,Canada,Nunavut,0.5-1m wide snowmelt stream at confluence with Hadley Bay,71.7359333,-108.2235667,71°44.156'N,108°13.414'W,Aquatic,Site 30:  slow flow rocky substrate
ROME205254,P. Schaefer,50,Larvae,Fluid,Animalia,Arthropoda,Insecta,Diptera,Simuliidae,Helodon,decemarticulatus,"(Twinn, 1936)","Helodon decemarticulatus (Twinn, 1936)",ROM002011170,2011-06-11,2011-06-11,2011-06-11,11 Jun 2011,North America,Canada,Northwest Territories,"Small wooded creek, E. Prosperous Lake",62.5388167,-114.1397167,62°32.329'N,114°8.383'W,General,
ROME205255,P. Schaefer,20,Larvae,Fluid,Animalia,Arthropoda,Insecta,Diptera,Simuliidae,Helodon,decemarticulatus,"(Twinn, 1936)","Helodon decemarticulatus (Twinn, 1936)",ROM002011171,2011-06-12,2011-06-12,2011-06-12,12 Jun 2011,North America,Canada,Northwest Territories,Stagg River at crossing with Hwy.4,62.7434667,-115.7254333,62°44.608'N,115°43.526'W,General,
ROME205256,P. Schaefer,20,Larvae,Fluid,Animalia,Arthropoda,Insecta,Diptera,Simuliidae,Helodon,decemarticulatus,"(Twinn, 1936)","Helodon decemarticulatus (Twinn, 1936)",ROM002011173,2011-06-14,2011-06-14,2011-06-14,14 Jun 2011,North America,Canada,Northwest Territories,Slow trickle through grass off Ingraham Trail at km58,62.5159167,-113.3914667,62°30.955'N,113°23.488'W,General,
ROME205257,P. Schaefer,10,Larvae,Fluid,Animalia,Arthropoda,Insecta,Diptera,Simuliidae,Helodon,gibsoni,"(Twinn, 1936)","Helodon gibsoni (Twinn, 1936)",ROM002011167,2011-06-09,2011-06-09,2011-06-09,9 Jun 2011,North America,Canada,Northwest Territories,"2m brown water creek at crossing with Hwy.3, 15km west of Yellowknife",62.4764167,-114.97095,62°28.585'N,114°58.257'W,General,
ROME205258,Doug Currie; P. Schaefer,2,Larvae,Fluid,Animalia,Arthropoda,Insecta,Diptera,Simuliidae,Helodon,irkutensis,"(Rubtsov, 1956)","Helodon irkutensis (Rubtsov, 1956)",ROM002012204,2012-07-24,2012-07-24,2012-07-24,24 Jul 2012,North America,Canada,Nunavut,"Cambridge Bay, 10m wide well flowing stream, west of town",69.1320333,-105.4750667,69°7.922'N,105°28.504'W,Aquatic,"Site 6:  clear water, fast flow, mostly rock and some grass substrate 12°C"
ROME205259,Doug Currie; P. Schaefer,1,Pupae,Fluid,Animalia,Arthropoda,Insecta,Diptera,Simuliidae,Helodon,irkutensis,"(Rubtsov, 1956)","Helodon irkutensis (Rubtsov, 1956)",ROM002012209,2012-07-25,2012-07-25,2012-07-25,25 Jul 2012,North America,Canada,Nunavut,"Cambridge Bay, 6m wide tundra pond outlet along DEW line road",69.1581667,-105.19165,69°9.49'N,105°11.499'W,Aquatic,"Site 11:  100m long, clear, fast water, rock and veg substrate, 13°C"
ROME205260,Doug Currie; P. Schaefer,1,Larvae,Fluid,Animalia,Arthropoda,Insecta,Diptera,Simuliidae,Helodon,irkutensis,"(Rubtsov, 1956)","Helodon irkutensis (Rubtsov, 1956)",ROM002012211,2012-07-25,2012-07-25,2012-07-25,25 Jul 2012,North America,Canada,Nunavut,"Cambridge Bay, 2m wide stream between two tundra ponds",69.2194833,-105.2163333,69°13.169'N,105°12.98'W,Aquatic,"Site 13:  clear, moderate flow, grass and rock substrate, 13°C"
ROME205261,Doug Currie; P. Schaefer,1,Larvae,Fluid,Animalia,Arthropoda,Insecta,Diptera,Simuliidae,Helodon,irkutensis,"(Rubtsov, 1956)","Helodon irkutensis (Rubtsov, 1956)",ROM002012214,2012-07-27,2012-07-27,2012-07-27,27 Jul 2012,North America,Canada,Nunavut,2-4m wide inflow to Mad Dog Lake,69.3639,-108.75045,69°21.834'N,108°45.027'W,Aquatic,"Site 16:  tumbling stream, clear water, fast flow, mostly rock substrate, 10°C"
ROME205262,Doug Currie; P. Schaefer,30,Larvae,Fluid,Animalia,Arthropoda,Insecta,Diptera,Simuliidae,Helodon,irkutensis,"(Rubtsov, 1956)","Helodon irkutensis (Rubtsov, 1956)",ROM002012215,2012-07-27,2012-07-27,2012-07-27,27 Jul 2012,North America,Canada,Nunavut,20m wide inflow to Mad Dog Lake,69.3598,-108.7579,69°21.588'N,108°45.474'W,Aquatic,"Site 17:  tumbling river, clear moderate flow, mostly rock substrate"
ROME205263,Doug Currie; P. Schaefer,1,Larvae,Fluid,Animalia,Arthropoda,Insecta,Diptera,Simuliidae,Helodon,irkutensis,"(Rubtsov, 1956)","Helodon irkutensis (Rubtsov, 1956)",ROM002012218,2012-07-28,2012-07-28,2012-07-28,28 Jul 2012,North America,Canada,Nunavut,0.5m wide pond outlet,69.7703,-108.15835,69°46.218'N,108°9.501'W,Aquatic,Site 20
ROME205264,Doug Currie; P. Schaefer,100,Larvae,Fluid,Animalia,Arthropoda,Insecta,Diptera,Simuliidae,Helodon,irkutensis,"(Rubtsov, 1956)","Helodon irkutensis (Rubtsov, 1956)",ROM002012219,2012-07-28,2012-07-28,2012-07-28,28 Jul 2012,North America,Canada,Nunavut,"60m wide rapid, flowing river",69.808,-108.5586667,69°48.48'N,108°33.52'W,Aquatic,Site 21
ROME205265,Doug Currie; P. Schaefer,2,Larvae,Fluid,Animalia,Arthropoda,Insecta,Diptera,Simuliidae,Helodon,irkutensis,"(Rubtsov, 1956)","Helodon irkutensis (Rubtsov, 1956)",ROM002012221,2012-07-28,2012-07-28,2012-07-28,28 Jul 2012,North America,Canada,Nunavut,100m wide river between West and Merkley Lakes,69.7790167,-108.09745,69°46.741'N,108°5.847'W,Aquatic,"Site 23:  wide, fast flow"
ROME205266,Doug Currie; P. Schaefer,3,Larvae,Fluid,Animalia,Arthropoda,Insecta,Diptera,Simuliidae,Helodon,irkutensis,"(Rubtsov, 1956)","Helodon irkutensis (Rubtsov, 1956)",ROM002012222,2012-07-29,2012-07-29,2012-07-29,29 Jul 2012,North America,Canada,Nunavut,8-10m wide lake inflow,69.8323833,-105.74705,69°49.943'N,105°44.823'W,Aquatic,"Site 24:  stony substrate, some grass, moderate flow. 9°C"
ROME205267,Doug Currie; P. Schaefer,20,Larvae,Fluid,Animalia,Arthropoda,Insecta,Diptera,Simuliidae,Helodon,irkutensis,"(Rubtsov, 1956)","Helodon irkutensis (Rubtsov, 1956)",ROM002012224,2012-07-29,2012-07-29,2012-07-29,29 Jul 2012,North America,Canada,Nunavut,50m wide lake inlet,69.72155,-103.72105,69°43.293'N,103°43.263'W,Aquatic,"Site 26:  clear, fast, rocky substrate, 8°C"
ROME205268,Doug Currie; P. Schaefer,10,Larvae,Fluid,Animalia,Arthropoda,Insecta,Diptera,Simuliidae,Helodon,irkutensis,"(Rubtsov, 1956)","Helodon irkutensis (Rubtsov, 1956)",ROM002012226,2012-07-30,2012-07-30,2012-07-30,30 Jul 2012,North America,Canada,Nunavut,50m wide stream between two lakes,71.3143667,-107.2021,71°18.862'N,107°12.126'W,Aquatic,"Site 28:  clear water, moderate to fast flow, rock substrate"
ROME205269,Doug Currie; P. Schaefer,50,Larvae,Fluid,Animalia,Arthropoda,Insecta,Diptera,Simuliidae,Helodon,irkutensis,"(Rubtsov, 1956)","Helodon irkutensis (Rubtsov, 1956)",ROM002012227,2012-07-30,2012-07-30,2012-07-30,30 Jul 2012,North America,Canada,Nunavut,Ekatuk River,71.4428167,-107.68755,71°26.569'N,107°41.253'W,Aquatic,"Site 29:  clear water, fast flow, rocky substrate"
ROME205270,Doug Currie; P. Schaefer,3,Larvae,Fluid,Animalia,Arthropoda,Insecta,Diptera,Simuliidae,Helodon,irkutensis,"(Rubtsov, 1956)","Helodon irkutensis (Rubtsov, 1956)",ROM002012228,2012-07-30,2012-07-30,2012-07-30,30 Jul 2012,North America,Canada,Nunavut,0.5-1m wide snowmelt stream at confluence with Hadley Bay,71.7359333,-108.2235667,71°44.156'N,108°13.414'W,Aquatic,Site 30:  slow flow rocky substrate
ROME205271,Doug Currie; P. Schaefer,5,Larvae,Fluid,Animalia,Arthropoda,Insecta,Diptera,Simuliidae,Helodon,irkutensis,"(Rubtsov, 1956)","Helodon irkutensis (Rubtsov, 1956)",ROM002012230,2012-07-31,2012-07-31,2012-07-31,31 Jul 2012,North America,Canada,Nunavut,4m wide inflow to Merkly Lake,69.8154833,-108.0124833,69°48.929'N,108°0.749'W,Aquatic,"Site 32:  rocky bottom stream, moderate flow, clear water, very productive, larvae mostly on trailing grass, some rock, 10°C"
ROME205272,Doug Currie; P. Schaefer,2,Larvae; Pupae,Fluid,Animalia,Arthropoda,Insecta,Diptera,Simuliidae,Helodon,irkutensis,"(Rubtsov, 1956)","Helodon irkutensis (Rubtsov, 1956)",ROM002012231,2012-07-31,2012-07-31,2012-07-31,31 Jul 2012,North America,Canada,Nunavut,1-2m wide inflow to Merkly Lake near the Narrows,69.72455,-107.5165,69°43.473'N,107°30.99'W,Aquatic,"Site 33:  silty, moderate flow, silty water, very productive, larvae mostly on trailing grass, 11°C"
ROME205273,Doug Currie; P. Schaefer,50,Larvae; Pupae,Fluid,Animalia,Arthropoda,Insecta,Diptera,Simuliidae,Helodon,irkutensis,"(Rubtsov, 1956)","Helodon irkutensis (Rubtsov, 1956)",ROM002012232,2012-08-01,2012-08-01,2012-08-01,1 Aug 2012,North America,Canada,Nunavut,3-4m wide inlet to river flowing into Yellow Bill,69.7112,-103.6325167,69°42.672'N,103°37.951'W,Aquatic,"Site 34:  slow to moderate flow, clear water, rocky substrate"
ROME205274,Doug Currie; P. Schaefer,50,Larvae,Fluid,Animalia,Arthropoda,Insecta,Diptera,Simuliidae,Helodon,irkutensis,"(Rubtsov, 1956)","Helodon irkutensis (Rubtsov, 1956)",ROM002012233,2012-08-01,2012-08-01,2012-08-01,1 Aug 2012,North America,Canada,Nunavut,20m wide river flowing into Yellow Bill,69.711,-103.62725,69°42.66'N,103°37.635'W,Aquatic,"Site 35:  clear water, fast flow, rocky substrate"
ROME205275,Doug Currie; P. Schaefer,50,Larvae,Fluid,Animalia,Arthropoda,Insecta,Diptera,Simuliidae,Helodon,irkutensis,"(Rubtsov, 1956)","Helodon irkutensis (Rubtsov, 1956)",ROM002012234,2012-08-01,2012-08-01,2012-08-01,1 Aug 2012,North America,Canada,Nunavut,0.5m wide river between 2 lakes,69.5538167,-103.3502833,69°33.229'N,103°21.017'W,Aquatic,"Site 36:  clear water, moderate flow"
ROME205276,Doug Currie,3,Larvae,Fluid,Animalia,Arthropoda,Insecta,Diptera,Simuliidae,Metacnephia,borealis,"(Malloch, 1919)","Metacnephia borealis (Malloch, 1919)",ROM002003203,2003-07-10,2003-07-10,2003-07-10,10 Jul 2003,North America,Canada,Nunavut,Maguse River,61.2998833,-94.0801833,"61°17.993'0""N","94°4.811'0""W",Aquatic,immature blackflies
ROME205277,Doug Currie,3,Larvae,Fluid,Animalia,Arthropoda,Insecta,Diptera,Simuliidae,Metacnephia,borealis,"(Malloch, 1919)","Metacnephia borealis (Malloch, 1919)",ROM002003204,2003-07-10,2003-07-10,2003-07-10,10 Jul 2003,North America,Canada,Nunavut,warm tributary of Maguse River,61.299,-94.0852667,"61°17.94'0""N","94°5.116'0""W",Aquatic,"temp 17°C,  immature blackflies"
ROME205278,Doug Currie,3,Larvae; Pupae,Fluid,Animalia,Arthropoda,Insecta,Diptera,Simuliidae,Metacnephia,borealis,"(Malloch, 1919)","Metacnephia borealis (Malloch, 1919)",ROM002003205,2003-07-11,2003-07-11,2003-07-11,11 Jul 2003,North America,Canada,Nunavut,S. Arviat,60.9741167,-94.2026333,"60°58.447'0""N","94°12.158'0""W",Aquatic,"temp 10°C,  immature blackflies"
ROME205279,Doug Currie,5,Larvae,Fluid,Animalia,Arthropoda,Insecta,Diptera,Simuliidae,Metacnephia,borealis,"(Malloch, 1919)","Metacnephia borealis (Malloch, 1919)",ROM002003216,2003-07-19,2003-07-19,2003-07-19,19 Jul 2003,North America,Canada,Nunavut,"14 km NW Rankin Inlet, outflow. 'Little' Meliadine Lake",62.91415,-92.2108667,"62°54.849'0""N","92°12.652'0""W",Aquatic,immature blackflies
ROME205280,Doug Currie; P. Schaefer,5,Exuviae,Fluid,Animalia,Arthropoda,Insecta,Diptera,Simuliidae,Metacnephia,borealis,"(Malloch, 1919)","Metacnephia borealis (Malloch, 1919)",ROM002012200,2012-07-22,2012-07-22,2012-07-22,22 Jul 2012,North America,Canada,Nunavut,"Cambridge Bay, 0.75m wide, warm pond outflow immediately E. twin bridges",69.1254833,-104.9987333,69°7.529'N,104°59.924'W,Aquatic,"Site 1:  warm clear water, rock and veg substrate, med flow, 11°C."
ROME205281,,500,Larvae,Fluid,Animalia,Arthropoda,Insecta,Diptera,Simuliidae,Metacnephia,borealis,"(Malloch, 1919)","Metacnephia borealis (Malloch, 1919)",ROM002012201,2012-07-23,2012-07-23,2012-07-23,23 Jul 2012,North America,Canada,Nunavut,"Cambridge Bay, 12-15m wide inlet to Grenier Lake",69.2052833,-104.7778,69°12.317'N,104°46.668'W,Aquatic,"Site 3:  clear, rocky substrate, fast flow, 12°C"
ROME205282,Doug Currie; P. Schaefer,10,Pupae,Fluid,Animalia,Arthropoda,Insecta,Diptera,Simuliidae,Metacnephia,borealis,"(Malloch, 1919)","Metacnephia borealis (Malloch, 1919)",ROM002012203,2012-07-23,2012-07-23,2012-07-23,23 Jul 2012,North America,Canada,Nunavut,"Cambridge Bay, 8m wide stream between 2 ponds",69.1787,-104.82325,69°10.722'N,104°49.395'W,Aquatic,"Site 5:  100m long, moderate flow, highly productive, 13°C"
ROME205283,Doug Currie; P. Schaefer,100,Larvae,Fluid,Animalia,Arthropoda,Insecta,Diptera,Simuliidae,Metacnephia,borealis,"(Malloch, 1919)","Metacnephia borealis (Malloch, 1919)",ROM002012204,2012-07-24,2012-07-24,2012-07-24,24 Jul 2012,North America,Canada,Nunavut,"Cambridge Bay, 10m wide well flowing stream, west of town",69.1320333,-105.4750667,69°7.922'N,105°28.504'W,Aquatic,"Site 6:  clear water, fast flow, mostly rock and some grass substrate 12°C"
ROME205284,Doug Currie; P. Schaefer,5,Larvae,Fluid,Animalia,Arthropoda,Insecta,Diptera,Simuliidae,Metacnephia,borealis,"(Malloch, 1919)","Metacnephia borealis (Malloch, 1919)",ROM002012207,2012-07-24,2012-07-24,2012-07-24,24 Jul 2012,North America,Canada,Nunavut,"1m wide pond outflow 1 km west of Cambridge Bay, near golf course",69.1112667,-105.0880667,69°6.676'N,105°5.284'W,Aquatic,"Site 9: clear water, very productive, moderate flow, rock and veg substrate, 16°C"
ROME205285,Doug Currie; P. Schaefer,1,Exuviae,Fluid,Animalia,Arthropoda,Insecta,Diptera,Simuliidae,Metacnephia,borealis,"(Malloch, 1919)","Metacnephia borealis (Malloch, 1919)",ROM002012209,2012-07-25,2012-07-25,2012-07-25,25 Jul 2012,North America,Canada,Nunavut,"Cambridge Bay, 6m wide tundra pond outlet along DEW line road",69.1581667,-105.19165,69°9.49'N,105°11.499'W,Aquatic,"Site 11:  100m long, clear, fast water, rock and veg substrate, 13°C"
ROME205286,Doug Currie; P. Schaefer,5,Larvae; Exuviae; Pupae,Fluid,Animalia,Arthropoda,Insecta,Diptera,Simuliidae,Metacnephia,borealis,"(Malloch, 1919)","Metacnephia borealis (Malloch, 1919)",ROM002012209,2012-07-25,2012-07-25,2012-07-25,25 Jul 2012,North America,Canada,Nunavut,"Cambridge Bay, 6m wide tundra pond outlet along DEW line road",69.1581667,-105.19165,69°9.49'N,105°11.499'W,Aquatic,"Site 11:  100m long, clear, fast water, rock and veg substrate, 13°C"
ROME205287,Doug Currie; P. Schaefer,10,Exuviae; Pupae,Fluid,Animalia,Arthropoda,Insecta,Diptera,Simuliidae,Metacnephia,borealis,"(Malloch, 1919)","Metacnephia borealis (Malloch, 1919)",ROM002012214,2012-07-27,2012-07-27,2012-07-27,27 Jul 2012,North America,Canada,Nunavut,2-4m wide inflow to Mad Dog Lake,69.3639,-108.75045,69°21.834'N,108°45.027'W,Aquatic,"Site 16:  tumbling stream, clear water, fast flow, mostly rock substrate, 10°C"
ROME205288,Doug Currie; P. Schaefer,20,Larvae; Pupae,Fluid,Animalia,Arthropoda,Insecta,Diptera,Simuliidae,Metacnephia,borealis,"(Malloch, 1919)","Metacnephia borealis (Malloch, 1919)",ROM002012215,2012-07-27,2012-07-27,2012-07-27,27 Jul 2012,North America,Canada,Nunavut,20m wide inflow to Mad Dog Lake,69.3598,-108.7579,69°21.588'N,108°45.474'W,Aquatic,"Site 17:  tumbling river, clear moderate flow, mostly rock substrate"
ROME205289,Doug Currie; P. Schaefer,20,Exuviae; Pupae,Fluid,Animalia,Arthropoda,Insecta,Diptera,Simuliidae,Metacnephia,borealis,"(Malloch, 1919)","Metacnephia borealis (Malloch, 1919)",ROM002012216,2012-07-27,2012-07-27,2012-07-27,27 Jul 2012,North America,Canada,Nunavut,20m wide inflow into Byron Bay,68.9477167,-108.5011167,68°56.863'N,108°30.067'W,Aquatic,"Site 18:  wide braided stream. Clear, moderate flow, rock and grass substrate, 11°C"
ROME205290,Doug Currie; P. Schaefer,20,Larvae; Pupae,Fluid,Animalia,Arthropoda,Insecta,Diptera,Simuliidae,Metacnephia,borealis,"(Malloch, 1919)","Metacnephia borealis (Malloch, 1919)",ROM002012217,2012-07-27,2012-07-27,2012-07-27,27 Jul 2012,North America,Canada,Nunavut,1-2m wide inflow into Byron Bay,68.9448667,-108.5352167,68°56.692'N,108°32.113'W,Aquatic,"Site 19:  Clear, moderate flow, rock and grass substrate, 10°C"
ROME205291,Doug Currie; P. Schaefer,10,Exuviae; Pupae,Fluid,Animalia,Arthropoda,Insecta,Diptera,Simuliidae,Metacnephia,borealis,"(Malloch, 1919)","Metacnephia borealis (Malloch, 1919)",ROM002012218,2012-07-28,2012-07-28,2012-07-28,28 Jul 2012,North America,Canada,Nunavut,0.5m wide pond outlet,69.7703,-108.15835,69°46.218'N,108°9.501'W,Aquatic,Site 20
ROME205292,Doug Currie; P. Schaefer,50,Adults; Exuviae; Pupae,Fluid,Animalia,Arthropoda,Insecta,Diptera,Simuliidae,Metacnephia,borealis,"(Malloch, 1919)","Metacnephia borealis (Malloch, 1919)",ROM002012219,2012-07-28,2012-07-28,2012-07-28,28 Jul 2012,North America,Canada,Nunavut,"60m wide rapid, flowing river",69.808,-108.5586667,69°48.48'N,108°33.52'W,Aquatic,Site 21
ROME205293,Doug Currie; P. Schaefer,2,Larvae,Fluid,Animalia,Arthropoda,Insecta,Diptera,Simuliidae,Metacnephia,borealis,"(Malloch, 1919)","Metacnephia borealis (Malloch, 1919)",ROM002012220,2012-07-28,2012-07-28,2012-07-28,28 Jul 2012,North America,Canada,Nunavut,1-2m wide tundra stream,69.7670167,-108.5492167,69°46.021'N,108°32.953'W,Aquatic,Site 22
ROME205294,Doug Currie; P. Schaefer,300,Larvae,Fluid,Animalia,Arthropoda,Insecta,Diptera,Simuliidae,Metacnephia,borealis,"(Malloch, 1919)","Metacnephia borealis (Malloch, 1919)",ROM002012221,2012-07-28,2012-07-28,2012-07-28,28 Jul 2012,North America,Canada,Nunavut,100m wide river between West and Merkley Lakes,69.7790167,-108.09745,69°46.741'N,108°5.847'W,Aquatic,"Site 23:  wide, fast flow"
ROME205295,Doug Currie; P. Schaefer,100,Larvae; Pupae,Fluid,Animalia,Arthropoda,Insecta,Diptera,Simuliidae,Metacnephia,borealis,"(Malloch, 1919)","Metacnephia borealis (Malloch, 1919)",ROM002012222,2012-07-29,2012-07-29,2012-07-29,29 Jul 2012,North America,Canada,Nunavut,8-10m wide lake inflow,69.8323833,-105.74705,69°49.943'N,105°44.823'W,Aquatic,"Site 24:  stony substrate, some grass, moderate flow. 9°C"
ROME205296,Doug Currie; P. Schaefer,2,Pupae,Fluid,Animalia,Arthropoda,Insecta,Diptera,Simuliidae,Metacnephia,borealis,"(Malloch, 1919)","Metacnephia borealis (Malloch, 1919)",ROM002012223,2012-07-29,2012-07-29,2012-07-29,29 Jul 2012,North America,Canada,Nunavut,0.2m wide small lake inlet,69.8309,-105.7602167,69°49.854'N,105°45.613'W,Aquatic,"Site 25:  clear water, grassy substrate, slow to moderate flow, 7°C"
ROME206222,Doug Currie; P. Schaefer,50,Larvae,Fluid,Animalia,Arthropoda,Insecta,Diptera,Simuliidae,Metacnephia,borealis,"(Malloch, 1919)","Metacnephia borealis (Malloch, 1919)",ROM002012224,2012-07-29,2012-07-29,2012-07-29,29 Jul 2012,North America,Canada,Nunavut,50m wide lake inlet,69.72155,-103.72105,69°43.293'N,103°43.263'W,Aquatic,"Site 26:  clear, fast, rocky substrate, 8°C"
ROME206223,Doug Currie; P. Schaefer,100,Larvae; Pupae,Fluid,Animalia,Arthropoda,Insecta,Diptera,Simuliidae,Metacnephia,borealis,"(Malloch, 1919)","Metacnephia borealis (Malloch, 1919)",ROM002012225,2012-07-29,2012-07-29,2012-07-29,29 Jul 2012,North America,Canada,Nunavut,30m wide fast flow between two lakes,69.6071167,-103.5434167,69°36.427'N,103°32.605'W,Aquatic,"Site 27:  clear, fast, rocky substrate, 10°C"
ROME206224,Doug Currie; P. Schaefer,15,Adults; Larvae,Fluid,Animalia,Arthropoda,Insecta,Diptera,Simuliidae,Metacnephia,borealis,"(Malloch, 1919)","Metacnephia borealis (Malloch, 1919)",ROM002012226,2012-07-30,2012-07-30,2012-07-30,30 Jul 2012,North America,Canada,Nunavut,50m wide stream between two lakes,71.3143667,-107.2021,71°18.862'N,107°12.126'W,Aquatic,"Site 28:  clear water, moderate to fast flow, rock substrate"
ROME206225,Doug Currie; P. Schaefer,300,Larvae,Fluid,Animalia,Arthropoda,Insecta,Diptera,Simuliidae,Metacnephia,borealis,"(Malloch, 1919)","Metacnephia borealis (Malloch, 1919)",ROM002012227,2012-07-30,2012-07-30,2012-07-30,30 Jul 2012,North America,Canada,Nunavut,Ekatuk River,71.4428167,-107.68755,71°26.569'N,107°41.253'W,Aquatic,"Site 29:  clear water, fast flow, rocky substrate"
ROME206226,Doug Currie; P. Schaefer,200,Larvae,Fluid,Animalia,Arthropoda,Insecta,Diptera,Simuliidae,Metacnephia,borealis,"(Malloch, 1919)","Metacnephia borealis (Malloch, 1919)",ROM002012227,2012-07-30,2012-07-30,2012-07-30,30 Jul 2012,North America,Canada,Nunavut,Ekatuk River,71.4428167,-107.68755,71°26.569'N,107°41.253'W,Aquatic,"Site 29:  clear water, fast flow, rocky substrate"
ROME206227,Doug Currie; P. Schaefer,200,Larvae,Fluid,Animalia,Arthropoda,Insecta,Diptera,Simuliidae,Metacnephia,borealis,"(Malloch, 1919)","Metacnephia borealis (Malloch, 1919)",ROM002012227,2012-07-30,2012-07-30,2012-07-30,30 Jul 2012,North America,Canada,Nunavut,Ekatuk River,71.4428167,-107.68755,71°26.569'N,107°41.253'W,Aquatic,"Site 29:  clear water, fast flow, rocky substrate"
ROME206228,Doug Currie; P. Schaefer,5,Larvae; Pupae,Fluid,Animalia,Arthropoda,Insecta,Diptera,Simuliidae,Metacnephia,borealis,"(Malloch, 1919)","Metacnephia borealis (Malloch, 1919)",ROM002012228,2012-07-30,2012-07-30,2012-07-30,30 Jul 2012,North America,Canada,Nunavut,0.5-1m wide snowmelt stream at confluence with Hadley Bay,71.7359333,-108.2235667,71°44.156'N,108°13.414'W,Aquatic,Site 30:  slow flow rocky substrate
ROME206229,Doug Currie; P. Schaefer,200,Larvae,Fluid,Animalia,Arthropoda,Insecta,Diptera,Simuliidae,Metacnephia,borealis,"(Malloch, 1919)","Metacnephia borealis (Malloch, 1919)",ROM002012229,2012-07-30,2012-07-30,2012-07-30,30 Jul 2012,North America,Canada,Nunavut,2-3m wide inlet to Hadley Bay,71.7351667,-108.2274833,71°44.11'N,108°13.649'W,Aquatic,Site 31
ROME206230,Doug Currie; P. Schaefer,20,Exuviae; Pupae,Fluid,Animalia,Arthropoda,Insecta,Diptera,Simuliidae,Metacnephia,borealis,"(Malloch, 1919)","Metacnephia borealis (Malloch, 1919)",ROM002012230,2012-07-31,2012-07-31,2012-07-31,31 Jul 2012,North America,Canada,Nunavut,4m wide inflow to Merkly Lake,69.8154833,-108.0124833,69°48.929'N,108°0.749'W,Aquatic,"Site 32:  rocky bottom stream, moderate flow, clear water, very productive, larvae mostly on trailing grass, some rock, 10°C"
ROME206231,Doug Currie; P. Schaefer,20,Larvae; Pupae,Fluid,Animalia,Arthropoda,Insecta,Diptera,Simuliidae,Metacnephia,borealis,"(Malloch, 1919)","Metacnephia borealis (Malloch, 1919)",ROM002012231,2012-07-31,2012-07-31,2012-07-31,31 Jul 2012,North America,Canada,Nunavut,1-2m wide inflow to Merkly Lake near the Narrows,69.72455,-107.5165,69°43.473'N,107°30.99'W,Aquatic,"Site 33:  silty, moderate flow, silty water, very productive, larvae mostly on trailing grass, 11°C"
ROME206232,Doug Currie; P. Schaefer,200,Larvae,Fluid,Animalia,Arthropoda,Insecta,Diptera,Simuliidae,Metacnephia,borealis,"(Malloch, 1919)","Metacnephia borealis (Malloch, 1919)",ROM002012232,2012-08-01,2012-08-01,2012-08-01,1 Aug 2012,North America,Canada,Nunavut,3-4m wide inlet to river flowing into Yellow Bill,69.7112,-103.6325167,69°42.672'N,103°37.951'W,Aquatic,"Site 34:  slow to moderate flow, clear water, rocky substrate"
ROME206233,Doug Currie; P. Schaefer,200,Larvae; Pupae,Fluid,Animalia,Arthropoda,Insecta,Diptera,Simuliidae,Metacnephia,borealis,"(Malloch, 1919)","Metacnephia borealis (Malloch, 1919)",ROM002012233,2012-08-01,2012-08-01,2012-08-01,1 Aug 2012,North America,Canada,Nunavut,20m wide river flowing into Yellow Bill,69.711,-103.62725,69°42.66'N,103°37.635'W,Aquatic,"Site 35:  clear water, fast flow, rocky substrate"
ROME206234,Doug Currie; P. Schaefer,50,Larvae,Fluid,Animalia,Arthropoda,Insecta,Diptera,Simuliidae,Metacnephia,borealis,"(Malloch, 1919)","Metacnephia borealis (Malloch, 1919)",ROM002012234,2012-08-01,2012-08-01,2012-08-01,1 Aug 2012,North America,Canada,Nunavut,0.5m wide river between 2 lakes,69.5538167,-103.3502833,69°33.229'N,103°21.017'W,Aquatic,"Site 36:  clear water, moderate flow"
ROME206235,Doug Currie; P. Schaefer,1,Larvae,Fluid,Animalia,Arthropoda,Insecta,Diptera,Simuliidae,Metacnephia,borealis,"(Malloch, 1919)","Metacnephia borealis (Malloch, 1919)",ROM002012236,2012-08-01,2012-08-01,2012-08-01,1 Aug 2012,North America,Canada,Nunavut,0.1-0.2m wide trickle through grass,69.5426833,-103.2942167,69°32.561'N,103°17.653'W,Aquatic,"Site 38:  moderate flow, very deep, brown water, grass substrate"
ROME206236,P. Schaefer,50,Larvae,Fluid,Animalia,Arthropoda,Insecta,Diptera,Simuliidae,Metacnephia,borealis,"(Malloch, 1919)","Metacnephia borealis (Malloch, 1919)",ROM002011188,2011-07-10,2011-07-10,2011-07-10,10 Jul 2011,North America,Canada,Nunavut,"Cambridge Bay, Large river west of town along beach",69.1318667,-105.4752667,69°7.912'N,105°28.516'W,General,
ROME206237,P. Schaefer,20,Exuviae; Pupae,Fluid,Animalia,Arthropoda,Insecta,Diptera,Simuliidae,Metacnephia,borealis,"(Malloch, 1919)","Metacnephia borealis (Malloch, 1919)",ROM002010238,2010-07-22,2010-07-22,2010-07-22,22 Jul 2010,North America,Canada,Nunavut,"Uphill Pond outflow, trib of Apex R., 30cm stream",63.757,-68.4738167,63°45.42'N,68°28.429'W,,
ROME206238,P. Schaefer,30,Larvae,Fluid,Animalia,Arthropoda,Insecta,Diptera,Simuliidae,Metacnephia,borealis,"(Malloch, 1919)","Metacnephia borealis (Malloch, 1919)",ROM002011202,2011-07-17,2011-07-17,2011-07-17,17 Jul 2011,North America,Canada,Nunavut,"Cambridge Bay, Large River E. town under 2nd bridge",69.1315833,-104.99095,69°7.895'N,104°59.457'W,General,
ROME206239,P. Schaefer,2,Larvae,Fluid,Animalia,Arthropoda,Insecta,Diptera,Simuliidae,Metacnephia,borealis,"(Malloch, 1919)","Metacnephia borealis (Malloch, 1919)",ROM002011185,2011-07-03,2011-07-03,2011-07-03,3 Jul 2011,North America,Canada,Nunavut,Silty stream flowing into Four-mi. Bay,67.8554833,-115.3028667,67°51.329'N,115°18.172'W,General,
ROME206240,P. Schaefer,1,Larvae,Fluid,Animalia,Arthropoda,Insecta,Diptera,Simuliidae,Metacnephia,borealis,"(Malloch, 1919)","Metacnephia borealis (Malloch, 1919)",ROM002011180,2011-06-28,2011-06-28,2011-06-28,28 Jun 2011,North America,Canada,Nunavut,Coppermine River at Bloody Falls,67.7482833,-115.3685833,67°44.897'N,115°22.115'W,General,
ROME206241,P. Schaefer,200,Larvae,Fluid,Animalia,Arthropoda,Insecta,Diptera,Simuliidae,Metacnephia,borealis,"(Malloch, 1919)","Metacnephia borealis (Malloch, 1919)",ROM002011199,2011-07-17,2011-07-17,2011-07-17,17 Jul 2011,North America,Canada,Nunavut,"Cambridge Bay, Large River E. town on Pelly Rd",69.1356833,-104.9745,69°8.141'N,104°58.47'W,General,
ROME206242,P. Schaefer,6,Larvae,Fluid,Animalia,Arthropoda,Insecta,Diptera,Simuliidae,Metacnephia,borealis,"(Malloch, 1919)","Metacnephia borealis (Malloch, 1919)",ROM002011191,2011-07-12,2011-07-12,2011-07-12,12 Jul 2011,North America,Canada,Nunavut,"Cambridge Bay, Ice melt flow into ocean along beach E. town",69.08735,-104.9389167,69°5.241'N,104°56.335'W,General,
ROME206243,P. Schaefer,100,Larvae,Fluid,Animalia,Arthropoda,Insecta,Diptera,Simuliidae,Metacnephia,borealis,"(Malloch, 1919)","Metacnephia borealis (Malloch, 1919)",ROM002011201,2011-07-17,2011-07-17,2011-07-17,17 Jul 2011,North America,Canada,Nunavut,"Cambridge Bay, Pond outflow E. Old Town",69.1253,-104.9993833,69°7.518'N,104°59.963'W,General,
ROME206244,P. Schaefer,100,Larvae,Fluid,Animalia,Arthropoda,Insecta,Diptera,Simuliidae,Metacnephia,borealis,"(Malloch, 1919)","Metacnephia borealis (Malloch, 1919)",ROM002010239,2010-07-23,2010-07-23,2010-07-23,23 Jul 2010,North America,Canada,Nunavut,"Sylvia Grinnell Territorial Park. Sylvia Grinnell R. at waterfall/rapids., 10m stream",63.7432833,-68.5697167,63°44.597'N,68°34.183'W,,
ROME206245,P. Schaefer,200,Larvae,Fluid,Animalia,Arthropoda,Insecta,Diptera,Simuliidae,Metacnephia,borealis,"(Malloch, 1919)","Metacnephia borealis (Malloch, 1919)",ROM002011197,2011-07-16,2011-07-16,2011-07-16,16 Jul 2011,North America,Canada,Nunavut,"Cambridge Bay, Pond outflow on DEW Line Rd",69.1950667,-105.2076,69°11.704'N,105°12.456'W,General,
ROME206246,P. Schaefer,200,Larvae,Fluid,Animalia,Arthropoda,Insecta,Diptera,Simuliidae,Metacnephia,borealis,"(Malloch, 1919)","Metacnephia borealis (Malloch, 1919)",ROM002011200,2011-07-17,2011-07-17,2011-07-17,17 Jul 2011,North America,Canada,Nunavut,"Cambridge Bay, Large river west of town along beach",69.1318667,-105.4752667,69°7.912'N,105°28.516'W,General,
ROME206247,P. Schaefer,50,Larvae,Fluid,Animalia,Arthropoda,Insecta,Diptera,Simuliidae,Metacnephia,borealis,"(Malloch, 1919)","Metacnephia borealis (Malloch, 1919)",ROM002011187,2011-07-09,2011-07-09,2011-07-09,9 Jul 2011,North America,Canada,Nunavut,"Cambridge Bay, Large River E. town on Pelly Rd",69.1356833,-104.9745,69°8.141'N,104°58.47'W,General,
ROME206248,P. Schaefer,1,Larvae,Fluid,Animalia,Arthropoda,Insecta,Diptera,Simuliidae,Metacnephia,borealis,"(Malloch, 1919)","Metacnephia borealis (Malloch, 1919)",ROM002011177,2011-06-25,2011-06-25,2011-06-25,25 Jun 2011,North America,Canada,Nunavut,Tributary to Coppermine River,67.8062667,-115.1239167,67°48.376'N,115°7.435'W,General,
ROME206249,P. Schaefer,1,Pupae,Fluid,Animalia,Arthropoda,Insecta,Diptera,Simuliidae,Metacnephia,borealis,"(Malloch, 1919)","Metacnephia borealis (Malloch, 1919)",ROM002010237,2010-07-20,2010-07-20,2010-07-20,20 Jul 2010,North America,Canada,Nunavut,"Sylvia Grinnell Territorial Park. Tundra pond outflow in park, 75cm stream",63.7563333,-68.5770167,63°45.38'N,68°34.621'W,,
ROME206250,DJ Giberson,50,Larvae,Fluid,Animalia,Arthropoda,Insecta,Diptera,Simuliidae,Metacnephia,sp.,,Metacnephia sp. ,ROM002010363,2010-07-03,2010-07-03,2010-07-03,3 Jul 2010,North America,Canada,Quebec,"John Lake inlet, 1 km E of airport",54.81315,-66.7724333,54°48.789'N,66°46.346'W,General,
ROME206251,P. Schaefer,100,Larvae,Fluid,Animalia,Arthropoda,Insecta,Diptera,Simuliidae,Metacnephia,sp.,,Metacnephia sp. ,ROM002010229,2010-07-18,2010-07-18,2010-07-18,18 Jul 2010,North America,Canada,Nunavut,"Apex R at Road to Nowhere, 6m str",63.7543333,-68.4614833,63°45.26'N,68°27.689'W,,
ROME206252,Doug Currie,1,Larvae,Fluid,Animalia,Arthropoda,Insecta,Diptera,Simuliidae,Metacnephia,bilineata,"(Rubtsov, 1940)","Metacnephia bilineata (Rubtsov, 1940)",ROM002003203,2003-07-10,2003-07-10,2003-07-10,10 Jul 2003,North America,Canada,Nunavut,Maguse River,61.2998833,-94.0801833,"61°17.993'0""N","94°4.811'0""W",Aquatic,immature blackflies
ROME206253,P. Schaefer,100,Larvae,Fluid,Animalia,Arthropoda,Insecta,Diptera,Simuliidae,Metacnephia,bilineata,"(Rubtsov, 1940)","Metacnephia bilineata (Rubtsov, 1940)",ROM002010226,2010-07-18,2010-07-18,2010-07-18,18 Jul 2010,North America,Canada,Nunavut,"Sylvia Grinnell Territorial Park. Sylvia Grinnell R, 14m str",63.7650833,-68.5808333,63°45.905'N,68°34.85'W,,
ROME206254,P. Schaefer,50,Larvae,Fluid,Animalia,Arthropoda,Insecta,Diptera,Simuliidae,Metacnephia,bilineata,"(Rubtsov, 1940)","Metacnephia bilineata (Rubtsov, 1940)",ROM002010227,2010-07-18,2010-07-18,2010-07-18,18 Jul 2010,North America,Canada,Nunavut,"Airport Cr near end of Upperbase Rd, 5m str",63.7905333,-68.5673667,63°47.432'N,68°34.042'W,,
ROME206255,Doug Currie,3,Pupae,Fluid,Animalia,Arthropoda,Insecta,Diptera,Simuliidae,Metacnephia,saskatchewana,"(Shewell & Fredeen, 1958)","Metacnephia saskatchewana (Shewell & Fredeen, 1958)",ROM002003203,2003-07-10,2003-07-10,2003-07-10,10 Jul 2003,North America,Canada,Nunavut,Maguse River,61.2998833,-94.0801833,"61°17.993'0""N","94°4.811'0""W",Aquatic,immature blackflies
ROME206256,Doug Currie,1,Pupae,Fluid,Animalia,Arthropoda,Insecta,Diptera,Simuliidae,Metacnephia,saskatchewana,"(Shewell & Fredeen, 1958)","Metacnephia saskatchewana (Shewell & Fredeen, 1958)",ROM002003204,2003-07-10,2003-07-10,2003-07-10,10 Jul 2003,North America,Canada,Nunavut,warm tributary of Maguse River,61.299,-94.0852667,"61°17.94'0""N","94°5.116'0""W",Aquatic,"temp 17°C,  immature blackflies"
ROME206257,DJ Giberson,10,Exuviae; Pupae,Fluid,Animalia,Arthropoda,Insecta,Diptera,Simuliidae,Prosimulium,fuscum,"Syme & Davies, 1958","Prosimulium fuscum Syme & Davies, 1958",ROM002010366,2010-07-02,2010-07-02,2010-07-02,2 Jul 2010,North America,Canada,Quebec,Small stream 15 km NE of town,54.9439167,-67.0320833,54°56.635'N,67°1.925'W,General,
ROME206258,DJ Giberson,10,Larvae; Pupae,Fluid,Animalia,Arthropoda,Insecta,Diptera,Simuliidae,Prosimulium,fuscum,"Syme & Davies, 1958","Prosimulium fuscum Syme & Davies, 1958",ROM002010372,2010-07-01,2010-07-01,2010-07-01,1 Jul 2010,North America,Canada,Quebec,"Small stream, 5 km S of town",54.7774333,-66.8259333,54°46.646'N,66°49.556'W,General,
ROME206259,P. Schaefer,2,Exuviae; Pupae,Fluid,Animalia,Arthropoda,Insecta,Diptera,Simuliidae,Prosimulium,fuscum,"Syme & Davies, 1958","Prosimulium fuscum Syme & Davies, 1958",ROM002011168,2011-06-09,2011-06-09,2011-06-09,9 Jun 2011,North America,Canada,Northwest Territories,"Boundary Creek at crossing with Hwy.3, 34km west of Yellowknife",62.5346,-114.97095,62°32.076'N,114°58.257'W,General,
ROME206260,Doug Currie; P. Schaefer,1,Adults,Fluid,Animalia,Arthropoda,Insecta,Diptera,Simuliidae,Prosimulium,mixtum,"Syme & Davies, 1958","Prosimulium mixtum Syme & Davies, 1958",ROM002010245,2010-06-20,2010-06-20,2010-06-20,20 Jun 2010,North America,Canada,Ontario,"Store Creek ca. 1.2 km upstream of railway bridge on left bank trail, 7.5 m wide",51.2792167,-80.66145,51°16.753'N,80°39.687'W,Aquatic,Prosimulium mixtum biting
ROME206261,C. Buddle,20,Larvae; Pupae,Fluid,Animalia,Arthropoda,Insecta,Diptera,Simuliidae,Prosimulium,mixtum,"Syme & Davies, 1958","Prosimulium mixtum Syme & Davies, 1958",ROM002010376,2010-06-16,2010-06-16,2010-06-16,16 Jun 2010,North America,Canada,Newfoundland and Labrador,fast flow culvert under NW River Rd. 2 km north of junction with Grand Lakes Rd.,53.4136833,-60.4124167,53°24.821'N,60°24.745'W,General,
ROME206262,C. Buddle,50,Larvae,Fluid,Animalia,Arthropoda,Insecta,Diptera,Simuliidae,Prosimulium,mixtum,"Syme & Davies, 1958","Prosimulium mixtum Syme & Davies, 1958",ROM002010378,2010-06-17,2010-06-17,2010-06-17,17 Jun 2010,North America,Canada,Newfoundland and Labrador,"1.5m stream, 4 km along road which exits Grand Lakes Rd. 26 km from junction with NW River Rd.",53.5498833,-60.6881833,53°32.993'N,60°41.291'W,General,
ROME206263,C. Buddle,50,Larvae,Fluid,Animalia,Arthropoda,Insecta,Diptera,Simuliidae,Prosimulium,mixtum,"Syme & Davies, 1958","Prosimulium mixtum Syme & Davies, 1958",ROM002010379,2010-06-17,2010-06-17,2010-06-17,17 Jun 2010,North America,Canada,Newfoundland and Labrador,"2m stream, 17 km along Grand Lakes Rd from Junction with NW River Rd.",53.4797833,-60.6005333,53°28.787'N,60°36.032'W,General,
ROME206264,P. Schaefer,50,Larvae,Fluid,Animalia,Arthropoda,Insecta,Diptera,Simuliidae,Prosimulium,ursinum,"(Edwards, 1935)","Prosimulium ursinum (Edwards, 1935)",ROM002010225,2010-07-17,2010-07-17,2010-07-17,17 Jul 2010,North America,Canada,Nunavut,"Hillside trickle near Road to Nowhere, tributary of Apex R, 20cm str",63.7512167,-68.4592667,63°45.073'N,68°27.556'W,Aquatic,
ROME206265,P. Schaefer,2,Larvae,Fluid,Animalia,Arthropoda,Insecta,Diptera,Simuliidae,Prosimulium,ursinum,"(Edwards, 1935)","Prosimulium ursinum (Edwards, 1935)",ROM002010226,2010-07-18,2010-07-18,2010-07-18,18 Jul 2010,North America,Canada,Nunavut,"Sylvia Grinnell Territorial Park. Sylvia Grinnell R, 14m str",63.7650833,-68.5808333,63°45.905'N,68°34.85'W,,
ROME206266,P. Schaefer,5,Larvae,Fluid,Animalia,Arthropoda,Insecta,Diptera,Simuliidae,Prosimulium,ursinum,"(Edwards, 1935)","Prosimulium ursinum (Edwards, 1935)",ROM002010227,2010-07-18,2010-07-18,2010-07-18,18 Jul 2010,North America,Canada,Nunavut,"Airport Cr near end of Upperbase Rd, 5m str",63.7905333,-68.5673667,63°47.432'N,68°34.042'W,,
ROME206267,P. Schaefer,4,Larvae,Fluid,Animalia,Arthropoda,Insecta,Diptera,Simuliidae,Prosimulium,ursinum,"(Edwards, 1935)","Prosimulium ursinum (Edwards, 1935)",ROM002010228,2010-07-18,2010-07-18,2010-07-18,18 Jul 2010,North America,Canada,Nunavut,"Sylvia Grinnell Territorial Park. Trickle into a tundra pond in park, 50cm stream",63.7565333,-68.5757833,63°45.392'N,68°34.547'W,,
ROME206268,P. Schaefer,30,Larvae,Fluid,Animalia,Arthropoda,Insecta,Diptera,Simuliidae,Prosimulium,ursinum,"(Edwards, 1935)","Prosimulium ursinum (Edwards, 1935)",ROM002010232,2010-07-19,2010-07-19,2010-07-19,19 Jul 2010,North America,Canada,Nunavut,"Trib of Airport Cr. At Upperbase road, 50cm stream",63.7904833,-68.5654833,63°47.429'N,68°33.929'W,,
ROME206269,P. Schaefer,15,Larvae,Fluid,Animalia,Arthropoda,Insecta,Diptera,Simuliidae,Prosimulium,ursinum,"(Edwards, 1935)","Prosimulium ursinum (Edwards, 1935)",ROM002010233,2010-07-19,2010-07-19,2010-07-19,19 Jul 2010,North America,Canada,Nunavut,"Pond outflow on Upperbase road, 75cm str",63.7811167,-68.5508667,63°46.867'N,68°33.052'W,,
ROME206270,P. Schaefer,10,Larvae,Fluid,Animalia,Arthropoda,Insecta,Diptera,Simuliidae,Prosimulium,ursinum,"(Edwards, 1935)","Prosimulium ursinum (Edwards, 1935)",ROM002010234,2010-07-19,2010-07-19,2010-07-19,19 Jul 2010,North America,Canada,Nunavut,"Trib of Apex R at junction Apex R and Road to Nowhere, 3m str",63.7591833,-68.4576833,63°45.551'N,68°27.461'W,,
ROME206271,P. Schaefer,20,Larvae,Fluid,Animalia,Arthropoda,Insecta,Diptera,Simuliidae,Prosimulium,ursinum,"(Edwards, 1935)","Prosimulium ursinum (Edwards, 1935)",ROM002010236,2010-07-19,2010-07-19,2010-07-19,19 Jul 2010,North America,Canada,Nunavut,"Trickle across Road to Nowhere ca. 1km from town, 50-100mm stream",63.7510167,-68.4722833,63°45.061'N,68°28.337'W,,
ROME206272,P. Schaefer,1,Pupae,Fluid,Animalia,Arthropoda,Insecta,Diptera,Simuliidae,Prosimulium,ursinum,"(Edwards, 1935)","Prosimulium ursinum (Edwards, 1935)",ROM002010237,2010-07-20,2010-07-20,2010-07-20,20 Jul 2010,North America,Canada,Nunavut,"Sylvia Grinnell Territorial Park. Tundra pond outflow in park, 75cm stream",63.7563333,-68.5770167,63°45.38'N,68°34.621'W,,
ROME206273,P. Schaefer,10,Larvae,Fluid,Animalia,Arthropoda,Insecta,Diptera,Simuliidae,Prosimulium,ursinum,"(Edwards, 1935)","Prosimulium ursinum (Edwards, 1935)",ROM002010230,2010-07-19,2010-07-19,2010-07-19,19 Jul 2010,North America,Canada,Nunavut,"Trickle originating from snow melt at end of Upperbase road, 50-100mm stream",63.7934833,-68.56625,63°47.609'N,68°33.975'W,,
ROME206274,P. Schaefer,1,Larvae,Fluid,Animalia,Arthropoda,Insecta,Diptera,Simuliidae,Prosimulium,ursinum,"(Edwards, 1935)","Prosimulium ursinum (Edwards, 1935)",ROM002010238,2010-07-22,2010-07-22,2010-07-22,22 Jul 2010,North America,Canada,Nunavut,"Uphill Pond outflow, trib of Apex R., 30cm stream",63.757,-68.4738167,63°45.42'N,68°28.429'W,,
ROME206275,P. Schaefer,5,Larvae; Pupae,Fluid,Animalia,Arthropoda,Insecta,Diptera,Simuliidae,Prosimulium,ursinum,"(Edwards, 1935)","Prosimulium ursinum (Edwards, 1935)",ROM002010239,2010-07-23,2010-07-23,2010-07-23,23 Jul 2010,North America,Canada,Nunavut,"Sylvia Grinnell Territorial Park. Sylvia Grinnell R. at waterfall/rapids., 10m stream",63.7432833,-68.5697167,63°44.597'N,68°34.183'W,,
ROME206276,P. Schaefer,10,Larvae,Fluid,Animalia,Arthropoda,Insecta,Diptera,Simuliidae,Prosimulium,ursinum,"(Edwards, 1935)","Prosimulium ursinum (Edwards, 1935)",ROM002011183,2011-07-01,2011-07-01,2011-07-01,1 Jul 2011,North America,Canada,Nunavut,Tributary to Rae River,67.9199833,-115.66475,67°55.199'N,115°39.885'W,General,
ROME206277,P. Schaefer,1,Pupae,Fluid,Animalia,Arthropoda,Insecta,Diptera,Simuliidae,Simulium,anatinum/congareenarum,,Simulium anatinum/congareenarum ,ROM002011169,2011-06-09,2011-06-09,2011-06-09,9 Jun 2011,North America,Canada,Northwest Territories,"Beaver Pond Outflow, at crossing with Hwy.3, 28km west of Yellowknife",62.5245667,-115.2060667,62°31.474'N,115°12.364'W,General,
ROME206278,P. Schaefer,4,Larvae,Fluid,Animalia,Arthropoda,Insecta,Diptera,Simuliidae,Simulium,anatinum/congareenarum,,Simulium anatinum/congareenarum ,ROM002011165,2011-06-08,2011-06-08,2011-06-08,8 Jun 2011,North America,Canada,Northwest Territories,"30cm Lake Outflow, km50 of Ingraham Trail",62.5262667,-113.8377167,62°31.576'N,113°50.263'W,General,
ROME206279,P. Schaefer,2,Pupae,Fluid,Animalia,Arthropoda,Insecta,Diptera,Simuliidae,Simulium,annulus,"(Lundström, 1911)","Simulium annulus (Lundström, 1911)",ROM002011180,2011-06-28,2011-06-28,2011-06-28,28 Jun 2011,North America,Canada,Nunavut,Coppermine River at Bloody Falls,67.7482833,-115.3685833,67°44.897'N,115°22.115'W,General,
ROME206280,P. Schaefer,40,Larvae,Fluid,Animalia,Arthropoda,Insecta,Diptera,Simuliidae,Simulium,arcticum,"Malloch, 1914","Simulium arcticum Malloch, 1914",ROM002011180,2011-06-28,2011-06-28,2011-06-28,28 Jun 2011,North America,Canada,Nunavut,Coppermine River at Bloody Falls,67.7482833,-115.3685833,67°44.897'N,115°22.115'W,General,
ROME206281,P. Schaefer,5,Pupae,Fluid,Animalia,Arthropoda,Insecta,Diptera,Simuliidae,Simulium,arcticum,"Malloch, 1914","Simulium arcticum Malloch, 1914",ROM002011163,2011-06-08,2011-06-08,2011-06-08,8 Jun 2011,North America,Canada,Northwest Territories,Cameron River at crossing with Ingraham Trail,62.4923833,-113.5469333,62°29.543'N,113°32.816'W,General,
ROME206282,Doug Currie,5,Larvae,Fluid,Animalia,Arthropoda,Insecta,Diptera,Simuliidae,Simulium,baffinense,"Twinn, 1936","Simulium baffinense Twinn, 1936",ROM002003205,2003-07-11,2003-07-11,2003-07-11,11 Jul 2003,North America,Canada,Nunavut,S. Arviat,60.9741167,-94.2026333,"60°58.447'0""N","94°12.158'0""W",Aquatic,"temp 10°C,  immature blackflies"
ROME206283,Doug Currie; P. Schaefer,6,Pupae,Fluid,Animalia,Arthropoda,Insecta,Diptera,Simuliidae,Simulium,baffinense,"Twinn, 1936","Simulium baffinense Twinn, 1936",ROM002012200,2012-07-22,2012-07-22,2012-07-22,22 Jul 2012,North America,Canada,Nunavut,"Cambridge Bay, 0.75m wide, warm pond outflow immediately E. twin bridges",69.1254833,-104.9987333,69°7.529'N,104°59.924'W,Aquatic,"Site 1:  warm clear water, rock and veg substrate, med flow, 11°C."
ROME206284,Doug Currie; P. Schaefer,100,Larvae,Fluid,Animalia,Arthropoda,Insecta,Diptera,Simuliidae,Simulium,baffinense,"Twinn, 1936","Simulium baffinense Twinn, 1936",ROM002012202,2012-07-23,2012-07-23,2012-07-23,23 Jul 2012,North America,Canada,Nunavut,"Cambridge Bay, 0.2m wide outlet to small tundra pond near Mt. Pelly park gate",69.1847167,-104.7621333,69°11.083'N,104°45.728'W,Aquatic,"Site 4:  ~150m long, clear, rock and grass substrate, slow flow, 12°C"
ROME206285,Doug Currie; P. Schaefer,100,Larvae,Fluid,Animalia,Arthropoda,Insecta,Diptera,Simuliidae,Simulium,baffinense,"Twinn, 1936","Simulium baffinense Twinn, 1936",ROM002012205,2012-07-24,2012-07-24,2012-07-24,24 Jul 2012,North America,Canada,Nunavut,"Cambridge Bay, 0.2-0.3m wide pond outflow along beach west of town",69.1541833,-105.5384167,69°9.251'N,105°32.305'W,Aquatic,"Site 7:  clear water, slow to moderate flow, mostly grass some rock substrate, 15°C"
ROME206286,Doug Currie; P. Schaefer,100,Larvae,Fluid,Animalia,Arthropoda,Insecta,Diptera,Simuliidae,Simulium,baffinense,"Twinn, 1936","Simulium baffinense Twinn, 1936",ROM002012206,2012-07-24,2012-07-24,2012-07-24,24 Jul 2012,North America,Canada,Nunavut,"Cambridge Bay, 0.50-0.75m wide pond outflow along beach west of town",69.1545667,-105.5398167,69°9.274'N,105°32.389'W,Aquatic,"Site 8:  clear water, slow to moderate flow, mostly grass some rock substrate, 16°C"
ROME206287,Doug Currie; P. Schaefer,20,Larvae; Pupae,Fluid,Animalia,Arthropoda,Insecta,Diptera,Simuliidae,Simulium,baffinense,"Twinn, 1936","Simulium baffinense Twinn, 1936",ROM002012208,2012-07-25,2012-07-25,2012-07-25,25 Jul 2012,North America,Canada,Nunavut,"Cambridge Bay, 1.0-1.5m wide outlet tundra pond near DEW line station",69.1195,-105.1278,69°7.17'N,105°7.668'W,Aquatic,"Site 10:  clear water, slow to moderate flow, rock and veg substrate, 12°C"
ROME206288,Doug Currie; P. Schaefer,1,Larvae,Fluid,Animalia,Arthropoda,Insecta,Diptera,Simuliidae,Simulium,baffinense,"Twinn, 1936","Simulium baffinense Twinn, 1936",ROM002012214,2012-07-27,2012-07-27,2012-07-27,27 Jul 2012,North America,Canada,Nunavut,2-4m wide inflow to Mad Dog Lake,69.3639,-108.75045,69°21.834'N,108°45.027'W,Aquatic,"Site 16:  tumbling stream, clear water, fast flow, mostly rock substrate, 10°C"
